IS_AUDITED,COUNTY_NAME,PRECINCT_NAME,PRECINCT_CODE,USA_IA_20080103_PRI_PRE_REP_GIULIANI,USA_IA_20080103_PRI_PRE_REP_HUCKABEE,USA_IA_20080103_PRI_PRE_REP_MCCAIN,USA_IA_20080103_PRI_PRE_REP_PAUL,USA_IA_20080103_PRI_PRE_REP_ROMNEY,USA_IA_20080103_PRI_PRE_REP_THOMPSON,USA_IA_20080103_PRI_PRE_REP_OTHERS
0,Adair,AD; SI; CA; WL; EU; PR; N SS,1NW,0,8,2,3,5,19,0
0,Adair,FN; RL; S SS; JA; WA; BR,3SW,2,18,2,1,13,8,0
0,Adair,OR; ORC; SE GF; GF Twp; S LE; UN; S GA,4SE,1,12,2,1,13,8,0
0,Adair,ST; LN; JF; HA; GV; N LE; N GA,2NE,1,17,3,2,6,17,0
0,Adair,SW & N GF,5GF,2,18,5,7,3,15,0
0,Adams,Carbon,CB,1,13,3,3,5,5,0
0,Adams,Corning 1A,CG1A,0,11,1,0,4,0,0
0,Adams,Corning 1B,CG1B,0,2,0,0,1,0,0
0,Adams,Corning 2A,CG2A,0,3,9,0,3,0,1
0,Adams,Corning 2B,CG2B,1,3,0,2,0,0,0
0,Adams,Corning 3A,CG3A,0,4,2,1,8,0,0
0,Adams,Corning 3B,CG3B,1,3,0,2,2,3,0
0,Adams,Nodaway,NW,0,8,2,0,8,5,1
0,Adams,Prescott,PS,0,11,0,0,1,5,0
0,Adams,Quincy West Jasper,QC,1,6,2,1,4,1,0
0,Adams,SE Adams,AD,0,12,2,5,8,7,0
0,Allamakee,FV/TL/HF CITY,PCT 6,0,3,2,4,9,0,0
0,Allamakee,LF/CN/LS/LS CITY,PCT 7,2,27,10,9,15,4,1
0,Allamakee,PC/LT/WV CITY,PCT 5,0,2,2,14,6,3,0
0,Allamakee,PO/FK,PCT 3,1,4,3,8,10,1,0
0,Allamakee,PV CITY,PCT 4,2,9,6,5,21,3,0
0,Allamakee,UC/IA/NA CITY,PCT 8,1,16,8,1,12,5,0
0,Allamakee,UP/MK/FC/JF/LL,PCT 2,0,20,9,32,21,4,0
0,Allamakee,WK 1 CITY,PCT 9,5,14,7,4,12,1,0
0,Allamakee,WK 2 CITY,PCT 10,0,6,5,7,1,5,1
0,Allamakee,WK 3 CITY,PCT 11,0,7,4,3,9,3,4
0,Allamakee,WL/HV,PCT 1,0,5,2,1,1,0,0
0,Appanoose,Bellair Lincoln,BL,2,20,0,2,2,4,1
0,Appanoose,Caldwell,CW,0,4,0,1,0,1,0
0,Appanoose,Centerville W1,CV1,0,33,6,5,2,5,0
0,Appanoose,Centerville W2,CV2,8,34,13,5,6,6,0
0,Appanoose,Centerville W3,CV3,3,20,11,1,4,9,0
0,Appanoose,Johns Independence,JO,1,21,3,3,3,4,0
0,Appanoose,Pleasant Franklin,PS,0,8,0,1,2,2,0
0,Appanoose,Taylor Chariton,TY,2,35,2,3,10,1,0
0,Appanoose,Udell,UD,0,11,0,1,2,4,0
0,Appanoose,Union,UN,0,4,0,0,1,2,0
0,Appanoose,Vermillion Douglas Sharon,VM,0,34,0,14,14,15,1
0,Appanoose,Walnut,WA,0,12,2,1,4,3,0
0,Appanoose,Washington Wells,WS,0,26,2,4,3,6,0
0,Audubon,Precinct 1,1,2,28,14,6,19,5,0
0,Audubon,Precinct 2,2,0,21,6,2,17,4,0
0,Audubon,Precinct 3,3,1,1,0,0,8,4,1
0,Audubon,Precinct 4,4,2,18,9,5,8,13,1
0,Benton,Precinct Bg,BG,11,5,7,8,9,15,1
0,Benton,Precinct Bn,BN,3,46,7,9,24,25,0
0,Benton,Precinct Bp1,BP1,1,7,2,0,17,2,0
0,Benton,Precinct Bp2,BP2,6,8,6,5,11,6,0
0,Benton,Precinct Bp3,BP3,0,3,0,8,9,2,1
0,Benton,Precinct Br,BR,0,8,6,1,9,6,1
0,Benton,Precinct Ed,ED,4,32,3,5,13,12,0
0,Benton,Precinct El,EL,0,27,6,11,4,7,1
0,Benton,Precinct Fl,FL,3,11,1,21,4,13,0
0,Benton,Precinct Fr,FR,1,28,9,4,28,25,1
0,Benton,Precinct Ho,HO,1,15,0,0,4,9,0
0,Benton,Precinct Ia,IA,1,18,5,2,18,18,1
0,Benton,Precinct Ka,KA,3,5,3,2,1,5,0
0,Benton,Precinct Po,PO,2,24,7,19,13,15,0
0,Benton,Precinct Vt1,VT1,0,31,5,2,12,3,0
0,Benton,Precinct Vt2,VT2,1,20,0,1,0,1,0
0,Benton,Precinct Vt3,VT3,3,32,6,9,15,6,0
0,Benton,Precinct Vt4,VT4,4,14,7,0,4,9,0
0,Benton,Precinct Wa,WA,2,7,3,2,9,8,0
0,Black Hawk,Barclay Twp/Dunkerton,AC00,0,14,0,6,12,5,0
0,Black Hawk,Bennington Twp,B000,0,5,3,4,1,4,0
0,Black Hawk,Big/Spring Creek Twps,CQ00,0,17,3,3,12,20,0
0,Black Hawk,Black Hawk Twp,D000,0,43,12,5,29,14,0
0,Black Hawk,Cedar Twp,E000,0,1,0,3,9,4,0
0,Black Hawk,Eagle/Orange Twps,GO00,0,14,2,6,10,7,0
0,Black Hawk,Elk Run Heights,I000,0,4,2,6,2,2,0
0,Black Hawk,Evansdale Ward 1,J100,0,2,1,0,1,3,0
0,Black Hawk,Evansdale Ward 2,J200,0,4,0,0,3,2,0
0,Black Hawk,Evansdale Ward 3,J300,0,0,0,1,2,1,0
0,Black Hawk,Evansdale Ward 4,J400,1,7,0,1,2,1,0
0,Black Hawk,Lester (Rural Only),L000,0,4,1,1,4,8,4
0,Black Hawk,Lincoln Twp,M000,2,7,1,2,3,5,0
0,Black Hawk,Mt Vernon Twp,N000,0,20,5,7,9,2,0
0,Black Hawk,Poyner P1/ E Wloo P1 Twps,PH01,3,9,1,0,10,3,0
0,Black Hawk,Poyner P2/Fox Twps,PK02,2,11,3,2,23,11,0
0,Black Hawk,Precinct W101,W101,2,22,6,9,16,9,0
0,Black Hawk,Precinct W102,W102,1,12,7,4,15,10,0
0,Black Hawk,Precinct W103,W103,2,17,2,6,3,11,1
0,Black Hawk,Precinct W104,W104,1,17,6,5,12,12,0
0,Black Hawk,Precinct W105,W105,2,19,9,1,13,13,1
0,Black Hawk,Precinct W106,W106,2,26,17,12,45,19,1
0,Black Hawk,Precinct W201,W201,4,22,9,2,23,5,0
0,Black Hawk,Precinct W202,W202,0,20,2,6,12,6,1
0,Black Hawk,Precinct W203,W203,1,7,1,2,7,3,0
0,Black Hawk,Precinct W204,W204,0,18,6,5,11,11,0
0,Black Hawk,Precinct W205,W205,0,31,6,4,9,4,0
0,Black Hawk,Precinct W206,W206,2,32,9,7,34,11,3
0,Black Hawk,Precinct W301,W301,2,17,13,4,4,6,0
0,Black Hawk,Precinct W302,W302,0,14,3,1,6,3,0
0,Black Hawk,Precinct W303,W303,1,5,2,0,4,2,0
0,Black Hawk,Precinct W304,W304,0,4,0,3,3,0,0
0,Black Hawk,Precinct W305,W305,1,12,2,6,7,7,0
0,Black Hawk,Precinct W306,W306,0,6,3,2,6,1,0
0,Black Hawk,Precinct W401,W401,0,4,0,1,3,0,0
0,Black Hawk,Precinct W402,W402,0,5,0,1,0,1,0
0,Black Hawk,Precinct W403,W403,0,9,0,2,1,3,0
0,Black Hawk,Precinct W404,W404,0,5,1,5,0,1,0
0,Black Hawk,Precinct W405,W405,0,3,0,3,7,4,0
0,Black Hawk,Precinct W406,W406,0,13,0,3,7,2,0
0,Black Hawk,Precinct W501,W501,0,7,1,1,1,2,0
0,Black Hawk,Precinct W502,W502,2,15,1,5,6,5,0
0,Black Hawk,Precinct W503,W503,1,8,0,3,7,8,0
0,Black Hawk,Precinct W504,W504,0,17,2,6,17,6,0
0,Black Hawk,Precinct W505,W505,2,26,15,10,56,26,0
0,Black Hawk,Precinct W506,W506,5,18,14,3,28,9,0
0,Black Hawk,Precinct X101,X101,0,11,0,15,15,3,0
0,Black Hawk,Precinct X102,X102,0,14,5,6,26,11,0
0,Black Hawk,Precinct X103,X103,2,22,12,7,12,12,1
0,Black Hawk,Precinct X201,X201,1,60,7,6,13,9,1
0,Black Hawk,Precinct X202,X202,0,16,14,1,24,0,0
0,Black Hawk,Precinct X203,X203,4,39,10,13,31,9,1
0,Black Hawk,Precinct X301,X301,11,55,16,8,36,19,2
0,Black Hawk,Precinct X302 & Cf Twp,X302,6,55,13,14,36,17,0
0,Black Hawk,Precinct X303,X303,1,25,15,10,19,10,0
0,Black Hawk,Precinct X401,X401,1,22,2,8,4,7,1
0,Black Hawk,Precinct X402,X402,0,5,7,12,9,7,0
0,Black Hawk,Precinct X403,X403,3,18,2,6,3,2,1
0,Black Hawk,Precinct X501,X501,6,50,20,12,40,12,1
0,Black Hawk,Precinct X502,X502,1,19,4,3,20,6,1
0,Black Hawk,Precinct X503,X503,2,48,15,8,39,17,1
0,Black Hawk,Union Township,R000,2,25,7,9,14,18,0
0,Black Hawk,Washington Twp,S000,0,7,1,5,10,2,0
0,Boone,Boone 1,BN1,1,43,14,19,18,15,1
0,Boone,Boone 2,BN2,2,48,32,14,28,22,1
0,Boone,Boone 3,BN3,3,62,14,10,28,18,2
0,Boone,Boone 4,BN4,0,31,7,11,14,15,3
0,Boone,Boone 5,BN5,3,26,4,12,24,12,0
0,Boone,Madrid 1,MD1,0,19,1,3,10,5,0
0,Boone,Madrid 2,MD2,1,15,4,5,8,6,0
0,Boone,Madrid 3,MD3,0,15,1,8,6,2,0
0,Boone,Ogden,OG,1,41,13,10,22,11,0
0,Boone,Rural Precinct 1,RP1,2,57,9,15,28,33,1
0,Boone,Rural Precinct 2,RP2,1,14,0,9,11,9,0
0,Boone,Rural Precinct 3,RP3,1,25,3,6,5,3,0
0,Boone,Rural Precinct 4,RP4,2,86,9,13,38,16,1
0,Boone,Rural Precinct 5,RP5,0,18,0,0,5,9,0
0,Boone,Rural Precinct 6,RP6,1,28,11,11,21,10,1
0,Boone,Rural Precinct 7,RP7,1,15,6,3,13,6,0
0,Bremer,City Of Denver,DV,1,19,4,5,21,13,2
0,Bremer,City Of Janesville,JV,1,5,4,3,6,4,0
0,Bremer,Dayton Fremont City Of Tripoli,DA,1,14,1,14,25,7,0
0,Bremer,East Polk Douglas,EP,0,4,2,3,14,9,1
0,Bremer,Franklin Maxfield City Of Readlyn,FR,1,10,7,7,19,16,0
0,Bremer,Frederika Leroy City Of Frederika,FD,0,8,0,0,8,1,0
0,Bremer,Jackson Twp (Part),JK,0,11,6,3,14,4,0
0,Bremer,Jefferson Twp,JF,5,25,12,7,12,10,0
0,Bremer,Lafayette Warren,LA,0,8,4,4,19,4,1
0,Bremer,Sumner 2 City Of Sumner,SU,0,34,5,7,24,9,0
0,Bremer,Waverly Ward 1,WL1,2,34,12,6,20,9,0
0,Bremer,Waverly Ward 2,WL2,3,22,17,2,28,13,2
0,Bremer,Waverly Ward 3,WL3,0,17,4,3,3,0,0
0,Bremer,Waverly Ward 4 Washington Jackson,WL4,4,28,20,7,21,16,0
0,Bremer,Waverly Ward 5,WL5,3,26,17,4,28,12,2
0,Bremer,West Polk City Of Plainfield,WP,0,6,2,1,4,2,0
0,Buchanan,Aurora,AR,0,0,7,0,0,0,0
0,Buchanan,Brandon,BD,1,0,0,11,7,0,0
0,Buchanan,Fairbank,FB,0,2,1,4,4,5,0
0,Buchanan,Hazleton,HT,1,8,6,5,5,2,0
0,Buchanan,Indep 1st Ward/Washington,I1,3,33,5,4,16,7,2
0,Buchanan,Indep 2nd Ward,I2,1,14,9,1,11,5,2
0,Buchanan,Indep 3rd Ward,I3,3,12,3,3,15,4,1
0,Buchanan,Indep 4th Ward,I4,4,8,2,1,6,4,0
0,Buchanan,Indep 5th Ward,I5,2,2,0,4,10,7,0
0,Buchanan,Jesup,JS,6,16,4,2,19,8,0
0,Buchanan,Lamont,LM,1,9,2,1,6,6,0
0,Buchanan,Perry/Westburg,PW,0,15,0,5,6,9,2
0,Buchanan,Quasqueton,QT,3,7,2,1,23,22,0
0,Buchanan,Rowley,RW,1,12,5,10,10,6,0
0,Buchanan,Winthrop,WN,0,13,6,6,4,5,1
0,Buena Vista,Albert City Fairfield Coon,ACFC,0,26,8,11,14,11,0
0,Buena Vista,Alta Nokomis Elk,ALNE,0,28,4,5,18,18,1
0,Buena Vista,Lakeside Hayes Maple Valley,LKHM,0,20,18,9,26,14,0
0,Buena Vista,Linn Grove Brooke,LGB,0,18,3,2,3,2,0
0,Buena Vista,Marathon Poland,MAP,0,6,2,4,2,2,0
0,Buena Vista,Newell Newell Providence,NENP,0,19,6,13,9,13,0
0,Buena Vista,Rembrandt Lincoln Scott,RELS,0,13,5,2,1,4,0
0,Buena Vista,Sioux Rapids Lee,SRL,0,7,2,1,8,8,0
0,Buena Vista,Storm Lake 1,SL1,4,12,5,4,10,9,0
0,Buena Vista,Storm Lake 2,SL2,0,8,4,1,9,4,1
0,Buena Vista,Storm Lake 3,SL3,0,37,27,6,38,24,0
0,Buena Vista,Storm Lake 4,SL4,1,10,4,4,12,16,1
0,Buena Vista,Truesdale Washington Grant,TRWG,0,20,6,2,6,20,0
0,Butler,01 Albion,1,1,24,6,7,22,7,3
0,Butler,02 Beaver,2,0,8,2,5,10,17,1
0,Butler,03 Bennezette,3,0,6,1,6,1,6,0
0,Butler,04 Coldwater,4,0,17,15,6,10,5,0
0,Butler,05 Dayton Fremont,5,0,15,2,4,3,9,3
0,Butler,06 Jackson Butler,6,1,29,9,2,12,16,0
0,Butler,07 Jefferson Shell Rock,7,6,28,7,4,9,16,0
0,Butler,08 Madison Ripley Washington,8,0,19,3,5,8,21,0
0,Butler,09 Monroe,9,6,26,4,3,17,10,1
0,Butler,10 Pittsford,10,0,9,4,1,6,3,0
0,Butler,11 West Point Allison,11,0,16,3,1,7,6,0
0,Butler,12 West Point Bristow,12,0,2,0,0,0,1,0
0,Calhoun,Butler Williams,BUWM,0,20,5,2,8,8,0
0,Calhoun,Calhoun Jackson Elm Grove Lake Creek,CHJEGLK,2,7,4,4,2,8,1
0,Calhoun,Cedar,CEDAR,0,6,0,2,0,4,0
0,Calhoun,Center Logan Twin Lakes Garfield,CNLGTGA,3,25,5,7,10,11,0
0,Calhoun,Greenfield,GREENFI,2,11,2,0,3,0,0
0,Calhoun,Lake City,LAKE CI,0,9,5,12,7,3,0
0,Calhoun,Lincoln,LINCOLN,2,15,4,3,11,4,1
0,Calhoun,Reading,READING,0,8,0,2,2,5,0
0,Calhoun,Rockwell City,ROCKWEL,3,28,13,9,9,8,0
0,Calhoun,Sherman,SHERMAN,0,12,3,2,2,2,0
0,Calhoun,Union,UNION,2,10,1,13,3,3,2
0,Carroll,Arcadia,7,0,3,1,1,2,3,0
0,Carroll,Carroll 1,1,10,28,46,7,24,13,1
0,Carroll,Carroll 2 North 1/2 Of Maple River Twp,2,2,18,18,5,14,13,0
0,Carroll,Carroll 3 South 1/2 Of Maple River Twp,3,6,18,18,7,20,13,1
0,Carroll,Carroll 4,4,4,3,13,4,18,7,0
0,Carroll,Eden,12,2,5,0,1,6,2,0
0,Carroll,Ewoldt,11,1,17,8,3,13,20,0
0,Carroll,Glidden-Richland,8,0,23,16,5,13,2,0
0,Carroll,Pleasant Valley-Newton,10,0,7,2,1,3,5,1
0,Carroll,Sheridan-Grant-Jasper,6,0,15,6,6,9,4,1
0,Carroll,Union,13,0,13,2,1,13,0,1
0,Carroll,Washington-Roselle,9,0,4,0,4,1,2,0
0,Carroll,Wheatland-Kniest,5,0,1,4,0,3,4,0
0,Cass,Atlantic Ward 1,AT1,2,7,6,6,6,1,0
0,Cass,Atlantic Ward 2 And Grove,AT2,4,13,1,7,5,2,0
0,Cass,Atlantic Ward 3,AT3,17,8,7,6,20,14,0
0,Cass,Atlantic Ward 4,AT4,16,26,9,2,24,10,0
0,Cass,Atlantic Ward 5,AT5,8,30,13,2,22,22,0
0,Cass,Bear Grove/ Cass/ Lewis,CS,2,13,3,6,15,9,0
0,Cass,Benton Twp,BN,1,3,7,2,2,2,0
0,Cass,Brighton/ Marne/ Grove 1/ Pymosa/ Washington,GV1,6,36,9,6,6,7,0
0,Cass,Edna/Noble/ Pleasant/ Griswold,PL,13,20,9,13,12,12,0
0,Cass,Franklin/Wiota/Grant/Anita/Lincoln,GT,4,15,20,3,22,18,0
0,Cass,Massena Twp And City,MS,2,8,3,0,9,3,0
0,Cass,Union Twp And Cumberland,UN,1,8,2,6,2,9,0
0,Cass,Victoria Twp,VI,0,1,0,2,1,3,0
0,Cedar,Cass Center Iowa Rochester,CN,3,20,4,9,30,9,0
0,Cedar,Dayton Fairfield,DA,0,4,4,5,23,5,0
0,Cedar,Farmington Sugar Creek,FM,2,22,16,7,43,7,0
0,Cedar,Fremont Red Oak,FR,3,10,2,5,15,6,1
0,Cedar,Gower Springdale,GW,2,23,12,7,33,22,1
0,Cedar,Inland,IN,0,5,4,2,17,5,0
0,Cedar,Linn Pioneer,LN,2,18,5,12,12,11,0
0,Cedar,Massillon Springfield,MA,1,11,9,21,14,8,0
0,Cedar,Tipton 1,TT1,0,8,3,5,8,4,1
0,Cedar,Tipton 2,TT2,0,8,5,8,1,3,0
0,Cedar,Tipton 3,TT3,1,17,5,9,20,4,0
0,Cerro Gordo,Clear Lake Ward 1,CL1,9,50,31,10,45,19,0
0,Cerro Gordo,Clear Lake Ward 2,CL2,3,30,19,13,22,20,0
0,Cerro Gordo,Clear Lake Ward 3,CL3,1,31,19,14,42,7,0
0,Cerro Gordo,Clear Lake/Grant/Union Townships Pct,CL,6,48,14,6,45,17,0
0,Cerro Gordo,Dougherty Township Precinct,DTR,0,3,1,2,1,4,0
0,Cerro Gordo,Falls Plymouth/Lime Creek/Mason N Pct,FLN,0,6,1,0,1,2,0
0,Cerro Gordo,Falls Township/Rock Falls Precinct,FLS,3,13,14,6,11,3,0
0,Cerro Gordo,Geneseo/Bath Townships Precinct,GN,0,20,4,3,5,4,0
0,Cerro Gordo,Grimes Township/Meservey Precinct,GMW,0,2,1,0,0,7,0
0,Cerro Gordo,Grimes Township/Thornton Precinct,GME,0,3,1,5,11,1,0
0,Cerro Gordo,Lake/Lincoln Townships Precinct,LK,0,18,5,2,2,5,0
0,Cerro Gordo,Mason City W1 P1,MC01,0,18,7,2,2,1,0
0,Cerro Gordo,Mason City W1 P2,MC02,4,26,19,5,11,6,0
0,Cerro Gordo,Mason City W1 P3,MC03,17,31,45,15,20,7,1
0,Cerro Gordo,Mason City W2 P1,MC04,6,14,16,4,7,3,0
0,Cerro Gordo,Mason City W2 P2,MC05,10,44,32,11,28,11,0
0,Cerro Gordo,Mason City W2 P3,MC06,0,11,5,10,0,4,0
0,Cerro Gordo,Mason City W3 P1,MC07,5,18,22,2,11,4,0
0,Cerro Gordo,Mason City W3 P2,MC08,0,13,9,13,7,11,0
0,Cerro Gordo,Mason City W3 P3,MC09,2,37,36,15,12,27,0
0,Cerro Gordo,Mason City W4 P1,MC10,1,9,8,2,1,4,0
0,Cerro Gordo,Mason City W4 P2,MC11,0,14,17,7,5,4,0
0,Cerro Gordo,Mason City W4 P3,MC12,8,30,34,9,22,5,0
0,Cerro Gordo,Mason S/Owen/Portland S Precinct,MNS,1,26,12,5,5,8,0
0,Cerro Gordo,Mt Vernon/Pl Valley Townships Precinct,MV,0,27,5,1,7,8,0
0,Cerro Gordo,Portland N Township Precinct,PLN,1,3,2,1,0,0,0
0,Cherokee,Afton; Diamond; Pitcher; Spring; & Aurelia,1,1,21,16,6,20,9,0
0,Cherokee,Cherokee Ward 1,5,1,16,15,11,42,11,2
0,Cherokee,Cherokee Ward 2,6,0,13,4,6,13,1,0
0,Cherokee,Cherokee Ward 3,7,5,18,4,10,19,8,0
0,Cherokee,Cherokee; Cedar; Pilot; and City of Larrabee,4,0,28,16,11,22,14,0
0,Cherokee,Liberty; Marcus; Amherst; Sheridan; Cities of Marcus; Cleghorn; & Meriden,2,3,47,18,8,21,18,0
0,Cherokee,Silver; Grand Meadow; Rock; Tilden; Willow; Cities of Quimby & Washta,3,1,36,13,6,11,7,0
0,Chickasaw,Bradford,BD,0,19,8,9,3,5,0
0,Chickasaw,Chickasaw,CH,0,4,4,2,1,4,1
0,Chickasaw,Dayton-Richland,DA-RD,0,6,7,1,8,6,0
0,Chickasaw,Deerfield-Washington 2,DF-W2,1,10,3,2,6,7,0
0,Chickasaw,Dresden-Fredericksburg,DS-FB,0,0,0,0,0,0,0
0,Chickasaw,Jacksonville-Utica,JA-UT,0,1,4,2,8,11,0
0,Chickasaw,New Hampton Rural,NHR,0,3,3,2,7,3,0
0,Chickasaw,New Hampton Ward 1,NH1,0,8,4,5,6,3,1
0,Chickasaw,New Hampton Ward 2,NH2,1,2,5,2,4,1,0
0,Chickasaw,New Hampton Ward 3,NH3,0,1,6,2,11,1,0
0,Chickasaw,New Hampton Ward 4,NH4,0,6,11,1,9,5,0
0,Chickasaw,Stapleton,ST,5,17,11,2,19,14,1
0,Chickasaw,Washington 1,W1,0,1,1,1,3,0,0
0,Clarke,Murray,MY,0,11,2,2,2,12,0
0,Clarke,North Middle,NM,2,45,2,10,13,11,2
0,Clarke,Osceola Pct 1,OC1,0,29,0,1,6,7,0
0,Clarke,Osceola Pct 2,OC2,0,16,1,4,16,7,0
0,Clarke,Osceola Pct 3,OC3,0,35,9,3,25,3,0
0,Clarke,South Middle,SM,0,10,6,5,1,2,0
0,Clarke,Woodburn,WB,1,15,1,12,6,2,0
0,Clay,Douglas/Peterson,DGPE,2,10,0,2,6,2,0
0,Clay,Garfield/Herdland,GFHD,0,7,3,1,5,5,0
0,Clay,Lake/Freeman,LAFR,0,3,6,1,3,7,0
0,Clay,Lincoln/Clay,LNCL,2,7,1,4,7,3,0
0,Clay,Logan/Gillett Grove,LGGG,3,11,0,1,3,10,0
0,Clay,Meadow/Sioux,MDSX,0,23,3,3,3,10,0
0,Clay,Spencer Ward 1,SP1,1,26,4,1,9,8,0
0,Clay,Spencer Ward 2,SP2,1,27,5,13,8,12,0
0,Clay,Spencer Ward 3,SP3,2,37,20,2,13,9,0
0,Clay,Spencer Ward 4,SP4,10,53,34,7,50,19,0
0,Clay,Spencer Ward 5,SP5,1,25,12,4,14,7,0
0,Clay,Summit/Riverton,SMRT,3,15,0,4,5,10,0
0,Clay,Waterford/Lone Tree,WFLT,0,10,11,8,6,9,0
0,Clayton,Boardman-Highland,BM-HI,1,17,13,12,15,6,0
0,Clayton,Buena Vista,BV,0,0,0,0,0,0,0
0,Clayton,Cass,CS,0,10,10,4,8,13,0
0,Clayton,Clayton-Garnavillo,CL-GV,1,6,14,6,16,2,0
0,Clayton,Cox Creek-Sperry,CC-SY,0,7,2,5,10,7,0
0,Clayton,Elk-Mallory-Volga,ELMYVO,1,6,3,4,4,3,0
0,Clayton,Farmersburg-Wagner,FB-WG,1,3,5,1,14,2,0
0,Clayton,Giard-Luana-Monona,GDLUMO,5,9,12,11,27,8,0
0,Clayton,Grand Meadow,GM,0,9,1,2,3,1,0
0,Clayton,Jefferson-Millville,JF-MV,7,19,6,14,28,10,1
0,Clayton,Lodomillo,LM,1,11,4,2,9,2,0
0,Clayton,Marion,MR,0,3,2,3,8,1,0
0,Clayton,Mendon,MN,6,10,7,9,7,3,3
0,Clayton,Read,RD,0,4,3,0,3,2,0
0,Clinton,Bloomfield Delmar,BLFD,0,7,6,1,17,0,0
0,Clinton,Brookfield,BRFD,1,6,9,2,8,0,0
0,Clinton,Camanche 1,CAM1,3,6,6,0,9,7,0
0,Clinton,Camanche 2,CAM2,0,20,2,4,6,4,0
0,Clinton,Camanche Twp,CAMT,0,0,0,0,0,0,0
0,Clinton,Center,CENT,1,5,10,0,3,2,1
0,Clinton,Clinton W1p1,CL11,0,6,4,9,7,1,0
0,Clinton,Clinton W1p2,CL12,0,6,2,8,7,3,0
0,Clinton,Clinton W2p1,CL21,2,6,5,8,22,3,0
0,Clinton,Clinton W2p2,CL22,4,22,31,8,44,13,1
0,Clinton,Clinton W3p1,CL31,2,15,6,7,29,6,0
0,Clinton,Clinton W3p2,CL32,2,6,5,6,36,7,1
0,Clinton,Clinton W4p1,CL41,3,16,14,7,29,7,0
0,Clinton,Clinton W4p2,CL42,1,16,3,7,18,8,0
0,Clinton,Deep Creek Goose Lake,DECR,1,2,11,0,7,2,0
0,Clinton,Dewitt 1,DEW1,2,30,3,2,17,8,0
0,Clinton,Dewitt 2,DEW2,1,24,13,3,40,6,0
0,Clinton,Dewitt Twp,DEWT,3,19,11,4,23,11,0
0,Clinton,Eden Twp/Low Moor,EDTP,0,14,0,3,8,6,0
0,Clinton,Elk River Andover,EKRV,0,3,0,1,11,3,0
0,Clinton,Grant,GRAT,0,13,7,7,10,24,0
0,Clinton,Hampshire,HAMP,1,2,6,2,10,2,0
0,Clinton,Liberty Toronto,LIBY,0,3,2,0,1,0,0
0,Clinton,Olive Calamus,OLIV,0,0,0,0,0,0,0
0,Clinton,Orange Grand Mound,ORAN,1,8,1,4,7,5,0
0,Clinton,Sharon Lost Nation,SHAR,0,2,1,7,3,9,0
0,Clinton,Spring Rock Wheatland,SPRG,1,2,4,4,5,4,0
0,Clinton,Washington,WASH,0,6,0,1,7,2,0
0,Clinton,Waterford Charlotte,WATF,0,3,0,3,4,5,0
0,Clinton,Welton,WELT,0,0,0,0,0,0,0
0,Crawford,Arion Precinct,AR,0,6,0,3,5,0,0
0,Crawford,Aspinwall Precinct,AS,0,0,3,0,0,0,0
0,Crawford,Buck Grove Precinct,BG,0,5,2,1,5,1,0
0,Crawford,Charter Oak Precinct,CO,0,13,11,3,19,4,0
0,Crawford,Deloit Precinct,DE,2,2,2,2,8,8,0
0,Crawford,Denison 1st Ward,D1,0,14,11,8,8,9,1
0,Crawford,Denison 2nd Ward-Denison Twp,D2,1,17,5,2,11,9,0
0,Crawford,Denison 3rd Ward,D3,1,22,10,2,22,9,3
0,Crawford,Dow City Precinct,DC,0,3,7,9,4,2,0
0,Crawford,Kiron Precinct,KI,0,9,0,9,5,15,0
0,Crawford,Manilla Precinct,MA,1,10,10,0,5,8,0
0,Crawford,Ricketts Precinct,RI,0,3,1,1,1,0,0
0,Crawford,Schleswig Precinct,SC,0,4,3,1,4,15,0
0,Crawford,Vail Precinct,VA,2,16,2,2,5,8,1
0,Crawford,Westside Precinct,WS,0,6,0,2,4,3,0
0,Dallas,Adams,AM,5,45,26,17,21,24,0
0,Dallas,Adel,AL,6,73,31,25,59,22,1
0,Dallas,Clive,CL,20,91,58,16,141,39,0
0,Dallas,Colfax Adel,CF,1,37,15,7,40,13,0
0,Dallas,Dallas,DL,0,7,2,1,7,4,0
0,Dallas,Dallas Center,DC,7,45,9,10,24,8,1
0,Dallas,Des Moines,DM,0,27,10,13,16,12,0
0,Dallas,Desoto,DO,6,9,3,0,10,3,0
0,Dallas,Dexter Union,DT,1,39,8,11,19,16,1
0,Dallas,Grant,GT,3,47,23,14,31,11,1
0,Dallas,Lincoln Washington,LC,0,17,3,1,9,7,0
0,Dallas,Linn,LY,0,9,2,4,7,9,0
0,Dallas,Perry 1,PY1,1,33,9,8,10,1,0
0,Dallas,Perry 2,PY2,4,24,13,0,13,8,0
0,Dallas,Perry 3,PY3,4,41,5,1,11,8,0
0,Dallas,Redfield,RF,1,8,3,4,2,9,1
0,Dallas,Spring Valley Beaver,SV,1,22,1,5,16,8,0
0,Dallas,Sugar Grove,SG,0,23,8,12,16,10,0
0,Dallas,Van Meter,VM,7,62,15,21,65,24,1
0,Dallas,Walnut Grimes Urbandale,WL,15,106,76,24,135,38,3
0,Dallas,Waukee 1,WK1,2,66,10,12,42,23,1
0,Dallas,Waukee 2,WK2,2,32,10,5,48,10,1
0,Dallas,Waukee 3,WK3,14,70,38,11,136,24,5
0,Dallas,Waukee 4,WK4,15,100,42,15,112,28,0
0,Dallas,West Des Moines 1,WD1,10,47,17,12,78,18,0
0,Dallas,West Des Moines 2,WD2,21,99,47,34,109,37,3
0,Dallas,West Des Moines 3 Boone,BN,6,79,39,9,85,50,1
0,Davis,Bloomfield 1,BF1,2,16,2,11,5,0,0
0,Davis,Bloomfield 2,BF2,0,23,4,8,1,3,0
0,Davis,Bloomfield 3,BF3,0,7,1,3,0,2,1
0,Davis,Central,CN,1,30,4,3,2,8,0
0,Davis,North East,NE,0,34,1,4,2,4,0
0,Davis,North West,NW,2,16,3,10,1,2,0
0,Davis,South East,SE,0,14,1,13,0,7,0
0,Davis,South West,SW,0,9,0,2,2,0,0
0,Decatur,Bloomington Fayette Lamoni I,BL,1,9,11,6,30,2,0
0,Decatur,Burrell New Buda Davis City,BU,1,8,2,5,7,5,0
0,Decatur,Center Eden,CE,0,14,3,7,4,4,0
0,Decatur,Decatur Decatur City,DE,0,8,1,4,2,2,0
0,Decatur,Franklin Weldon,FR,0,1,0,2,8,3,0
0,Decatur,Garden Grove Garden Grove Leroy,GG,0,9,0,1,4,4,0
0,Decatur,Grand River Richland Grand River,GR,0,7,0,0,2,0,0
0,Decatur,Hamilton Morgan Pleasanton,HA,0,6,1,4,1,0,0
0,Decatur,High Point Woodland,HP,0,6,0,2,2,0,0
0,Decatur,Lamoni II,LA2,2,12,10,3,35,1,1
0,Decatur,Lamoni III,LA3,0,2,3,1,10,1,0
0,Decatur,Leon,LE,1,24,2,9,18,4,1
0,Decatur,Long Creek Van Wert,LC,0,10,0,0,0,0,0
0,Delaware,Adams,AD,0,5,2,3,12,2,0
0,Delaware,Bremen North,BMN,0,5,3,5,5,2,0
0,Delaware,Colony,CL,0,4,2,2,7,1,0
0,Delaware,Delaware South,DWS,0,6,6,2,26,6,0
0,Delaware,Delhi Twp,DH,1,7,0,6,8,2,0
0,Delaware,Honey Creek,HC,0,19,6,5,10,3,0
0,Delaware,Manchester Pct 1,MC1,0,9,7,0,14,7,0
0,Delaware,Manchester Pct 2,MC2,3,18,6,6,29,5,0
0,Delaware,Manchester Pct 3,MC3,3,22,9,6,30,12,0
0,Delaware,Milo,ML,2,20,5,4,23,7,1
0,Delaware,North Fork,NF,0,2,1,1,11,0,0
0,Delaware,Oneida,OD,0,5,3,5,16,3,0
0,Delaware,Richland,RL,2,7,7,5,13,7,0
0,Delaware,South Fork,SF,0,11,3,0,12,4,0
0,Des Moines,Benton / Huron / Jackson Twps,HJ,0,24,2,1,7,6,0
0,Des Moines,Concordia / Union Twps,UC,1,20,7,3,12,3,3
0,Des Moines,Danville Town / Danville Twp,DM,2,44,7,12,15,11,1
0,Des Moines,Flint River Twp / Middletown,FM,0,48,16,15,18,24,1
0,Des Moines,Mediapolis Town / Franklin & Yellow Spring Twps,MY,4,29,7,3,15,26,1
0,Des Moines,Pleasant Grove / Washington Twps,PW,2,14,5,11,9,7,0
0,Des Moines,Precinct  02,2,2,25,13,5,14,15,0
0,Des Moines,Precinct  03,3,0,13,2,4,8,10,2
0,Des Moines,Precinct  04,4,0,5,2,5,3,0,0
0,Des Moines,Precinct  05,5,0,8,6,2,11,6,3
0,Des Moines,Precinct  06,6,2,27,9,5,33,8,1
0,Des Moines,Precinct  07,7,0,21,5,2,16,3,1
0,Des Moines,Precinct  08,8,0,22,3,10,7,9,0
0,Des Moines,Precinct  09,9,3,38,14,3,36,9,0
0,Des Moines,Precinct  10,10,2,6,2,0,11,1,0
0,Des Moines,Precinct  11,11,0,5,2,2,5,0,0
0,Des Moines,Precinct  12,12,4,31,8,6,48,7,0
0,Des Moines,Precinct 01 / Tama Twp,1T,1,38,7,9,20,21,1
0,Des Moines,West Burlington Town,WB,2,13,1,5,16,6,0
0,Dickinson,Center Grove Township No. 1,CG 1,5,12,30,9,28,12,0
0,Dickinson,Center Grove Township No. 2,CG 2,4,22,19,3,23,8,0
0,Dickinson,Lakeville-Excelsior  Twp,LKV-EXC,5,22,16,11,20,6,0
0,Dickinson,Lloyd Township,LLOYD,1,2,1,0,1,3,0
0,Dickinson,Milford-Okoboji-Westport Township,MI-OK-W,7,33,34,12,22,22,0
0,Dickinson,Richland/Superior-Spirit Lake EastTownship,R-S-SLE,3,5,5,2,3,1,0
0,Dickinson,Silver Lake Township,SIL LAK,0,5,2,3,4,1,0
0,Dickinson,Spirit Lake North,SL N,1,18,8,3,17,4,0
0,Dickinson,Spirit Lake South,SL S,4,40,28,7,19,5,0
0,Dickinson,Spirit Lake West-Diamond LakeTownship,SLW-DL,2,12,23,7,17,8,1
0,Dubuque,Precinct 01,1,2,8,20,4,59,9,3
0,Dubuque,Precinct 02,2,5,17,29,10,58,11,1
0,Dubuque,Precinct 03,3,3,23,9,8,35,6,0
0,Dubuque,Precinct 04,4,4,19,17,8,18,2,1
0,Dubuque,Precinct 05,5,1,16,27,22,52,2,0
0,Dubuque,Precinct 06,6,1,4,26,10,30,4,0
0,Dubuque,Precinct 07,7,1,4,19,3,40,7,2
0,Dubuque,Precinct 08,8,0,14,14,8,25,5,1
0,Dubuque,Precinct 09,9,2,13,11,2,47,12,0
0,Dubuque,Precinct 10,10,3,11,21,8,10,2,2
0,Dubuque,Precinct 11,11,3,5,15,5,11,4,0
0,Dubuque,Precinct 12,12,1,19,11,7,31,11,2
0,Dubuque,Precinct 13,13,3,6,6,6,14,2,0
0,Dubuque,Precinct 14,14,2,5,2,8,8,7,0
0,Dubuque,Precinct 15,15,4,7,0,2,12,2,0
0,Dubuque,Precinct 16,16,2,5,2,2,14,2,0
0,Dubuque,Precinct 17,17,0,1,4,4,4,0,0
0,Dubuque,Precinct 18,18,0,10,5,10,17,2,1
0,Dubuque,Precinct 19,19,0,7,7,5,14,5,0
0,Dubuque,Precinct 20,20,6,8,14,13,26,9,2
0,Dubuque,Precinct 21,21,2,11,21,18,58,5,0
0,Dubuque,Precinct 31,31,6,17,24,8,54,1,1
0,Dubuque,Precinct 32,32,0,4,2,6,16,8,0
0,Dubuque,Precinct 33,33,5,11,12,11,41,2,0
0,Dubuque,Precinct 34,34,0,3,3,4,18,10,0
0,Dubuque,Precinct 35,35,0,6,7,6,7,1,1
0,Dubuque,Precinct 36,36,6,9,21,13,49,7,0
0,Dubuque,Precinct 37,37,3,7,8,3,20,3,0
0,Dubuque,Precinct 38,38,0,12,6,7,11,20,0
0,Dubuque,Precinct 39,39,1,5,18,11,16,2,0
0,Dubuque,Precinct 40,40,0,14,6,4,8,2,0
0,Dubuque,Precinct 41,41,2,4,3,11,33,12,2
0,Dubuque,Precinct 42,42,1,1,3,2,1,0,0
0,Dubuque,Precinct 43,43,0,4,12,7,5,3,0
0,Dubuque,Precinct 44,44,0,1,0,2,0,1,0
0,Dubuque,Precinct 45,45,1,21,7,9,37,7,3
0,Dubuque,Precinct 46,46,1,7,15,12,31,9,0
0,Dubuque,Precinct 47,47,0,5,1,8,18,6,0
0,Dubuque,Precinct 48,48,3,11,18,5,45,12,2
0,Emmet,AG-IL-ARMSTRONG,1,0,19,7,1,13,8,2
0,Emmet,CN-SL-GRUVER,2,0,4,0,0,0,2,0
0,Emmet,DM-JC-RINGSTED,3,0,11,1,0,4,4,0
0,Emmet,EL-LN-DOLLIVER,4,0,4,0,1,0,4,0
0,Emmet,EM-ES,5,1,4,6,3,10,4,2
0,Emmet,EVILLE-WARD 1,6,1,7,2,3,5,5,0
0,Emmet,EVILLE-WARD 2,7,0,5,4,1,6,5,1
0,Emmet,EVILLE-WARD 3,8,0,5,3,4,5,4,0
0,Emmet,EVILLE-WARD 4,9,1,10,4,0,11,5,0
0,Emmet,EVILLE-WARD 5,10,1,3,4,5,2,6,0
0,Emmet,HL-TM-WALLINGFORD,11,0,4,3,4,2,7,0
0,Fayette,Auburn Twp,AU,0,1,1,4,1,1,0
0,Fayette,Banks-Fremont Twp.,BF,0,10,0,0,10,3,1
0,Fayette,Bethel-Windsor Twp.,BW,0,6,2,8,7,7,0
0,Fayette,Center Twp,CE,0,8,0,0,2,3,1
0,Fayette,Clermont Twp,CL,0,17,8,4,11,6,0
0,Fayette,Dover Twp,DV,0,12,2,1,6,2,0
0,Fayette,Eden Twp,ED,0,0,3,3,2,6,0
0,Fayette,Fairbank Inc,FB,0,0,0,0,0,0,0
0,Fayette,Fairfield-Putnam Twp.,FP,0,18,8,6,11,14,2
0,Fayette,Harlan Twp,HL,0,4,1,0,11,3,0
0,Fayette,Illyria Twp,IL,1,5,0,5,0,4,0
0,Fayette,Jefferson Twp,JF,3,4,1,2,4,3,0
0,Fayette,Oelwein Ward 1,OE1,0,20,7,0,17,2,0
0,Fayette,Oelwein Ward 2,OE2,1,7,3,3,2,4,0
0,Fayette,Oelwein Ward 3,OE3,0,13,4,3,2,2,0
0,Fayette,Oelwein Ward 4,OE4,5,13,15,6,13,3,1
0,Fayette,Oran Twp,OR,0,3,1,4,5,1,0
0,Fayette,Pleasant Valley Twp,PL,0,17,9,4,6,2,0
0,Fayette,Scott Twp,SC,1,13,0,0,5,5,0
0,Fayette,Smithfield Twp,SF,0,3,0,0,2,6,1
0,Fayette,Union Twp,UN,1,3,2,3,7,6,0
0,Fayette,West Union Ward 1,WE1,0,13,9,3,19,4,0
0,Fayette,West Union Ward 2,WE2,0,4,1,1,4,3,0
0,Fayette,West Union Ward 3,WE3,2,7,2,0,4,1,0
0,Fayette,Westfield Twp,WF,0,10,9,3,8,4,1
0,Floyd,Charles City 1 (Library),CC1,1,18,4,7,10,9,0
0,Floyd,Charles City 2 (Messiah),CC2,6,19,5,2,10,6,0
0,Floyd,Charles City 3 (N Cedar Terrace),CC3,5,10,3,7,9,7,0
0,Floyd,Charles City 4 (Courthouse),CC4,4,21,14,5,19,5,0
0,Floyd,Floyd-Cedar-Niles,FlCeNi,0,34,10,4,16,7,0
0,Floyd,Rock Grove-Rudd,RGRu,1,21,3,5,9,5,0
0,Floyd,Rockford-Ulster,RfUl,3,10,7,1,2,11,0
0,Floyd,Scott-Union-Pleasant Grove,ScUnPG,2,13,2,3,3,8,0
0,Floyd,St Charles-Riverton,SCRv,7,23,15,1,19,12,0
0,Franklin,Dows,DW,0,0,0,0,0,0,0
0,Franklin,Geneva/Reeve,GNRV,0,7,0,6,0,4,0
0,Franklin,Grant/Lee/Osceola,GRLEOC,4,27,7,4,6,9,0
0,Franklin,Hamilton,HL,0,2,0,5,7,11,0
0,Franklin,Hampton 1,HP1,0,2,2,5,3,2,0
0,Franklin,Hampton 2,HP2,3,13,5,9,10,6,0
0,Franklin,Hampton 3,HP3,1,14,5,8,15,7,0
0,Franklin,Hampton 4,HP4,0,15,6,2,3,3,0
0,Franklin,Ingham,IG,0,2,2,14,3,2,0
0,Franklin,Mott,MO,2,23,8,5,12,7,0
0,Franklin,North Richland/Ross/West Fork,NRRSWF,0,16,10,6,18,7,1
0,Franklin,Oakland/Morgan,OKMG,3,15,0,3,6,9,0
0,Franklin,South Richland/Marion,SRMA,2,17,4,4,14,8,0
0,Franklin,Wisner/Scott,WRSC,2,7,5,4,14,3,0
0,Fremont,Benton Washington Pct,BNWS,0,4,2,1,5,4,1
0,Fremont,Farragut Pct,FG,2,13,6,5,15,3,0
0,Fremont,Green Riverside Scott Pct,GNRSSC,0,16,10,9,12,8,0
0,Fremont,Hamburg Ward 1,HB1,1,5,0,1,1,0,0
0,Fremont,Hamburg Ward 2,HB2,1,0,0,2,0,3,0
0,Fremont,Hamburg Ward 3,HB3,0,0,0,3,0,0,0
0,Fremont,Riverton Pct,RT,1,3,1,2,7,2,1
0,Fremont,Sidney Pct,SN,0,14,7,1,13,6,0
0,Greene,Central Precinct,CENTRAL,0,25,10,18,12,14,1
0,Greene,East Precinct,EAST,0,20,6,8,15,11,0
0,Greene,Jefferson 1,J1,0,20,12,10,11,2,0
0,Greene,Jefferson 2,J2,2,12,5,20,9,2,0
0,Greene,Jefferson 3,J3,4,36,16,10,30,11,0
0,Greene,North Precinct,NORTH,3,22,6,5,16,15,0
0,Greene,West Precinct,WEST,1,15,4,3,10,5,3
0,Grundy,P1 Conrad/Beaman,P1,2,75,12,7,11,7,0
0,Grundy,P2 Palermo/Washington,P2,1,18,4,6,12,7,0
0,Grundy,P3 Wellsburg,P3,0,37,6,21,8,11,0
0,Grundy,P4 Holland,P4,0,36,2,5,5,11,1
0,Grundy,P5 Dike,P5,3,76,12,26,16,24,0
0,Grundy,P6 Reinbeck,P6,8,60,10,6,23,25,0
0,Grundy,P7 Grundy Center,P7,3,54,8,13,38,13,1
0,Guthrie,Baker & Valley,Gold 4,3,25,9,14,24,15,0
0,Guthrie,Bear Grove; Seely & Union,White 8,0,4,3,6,6,8,1
0,Guthrie,Beaver; Penn & Stuart,Purple 6,1,41,5,14,16,11,0
0,Guthrie,Cass & Jackson,Blue 2,4,39,19,13,30,47,0
0,Guthrie,Dodge & Richland,Green 5,5,13,4,2,11,7,2
0,Guthrie,Grant & Thompson,Black 1,2,8,1,4,7,10,0
0,Guthrie,Highland & Orange,Red 7,0,11,8,11,1,10,0
0,Guthrie,Victory,Brown 3,3,37,3,14,26,23,0
0,Hamilton,Blairsburg,BL,4,16,2,0,4,2,0
0,Hamilton,Cass Freedom Fremont,CA,1,23,8,1,8,11,0
0,Hamilton,Clear Lake Hamilton,CL,2,18,17,5,6,13,2
0,Hamilton,Ellsworth Scott,EL,0,44,3,10,16,15,0
0,Hamilton,Independence,IN,0,9,3,2,1,7,0
0,Hamilton,Liberty Rose Grove,LB,9,9,1,0,3,4,0
0,Hamilton,Lincoln,LC,0,18,3,1,2,24,2
0,Hamilton,Lyon,LY,1,31,9,5,20,4,0
0,Hamilton,Marion Webster,MN,2,33,2,3,7,5,0
0,Hamilton,Webster City 1,WC1,3,41,14,14,36,23,3
0,Hamilton,Webster City 2,WC2,0,37,21,12,34,31,1
0,Hamilton,Webster City 3,WC3,0,15,11,9,10,16,0
0,Hamilton,Williams,WM,3,12,4,4,8,4,0
0,Hancock,Amsterdam Twin Lakes,9,1,33,2,5,3,7,0
0,Hancock,Avery; Goodell,10,1,1,1,1,1,5,0
0,Hancock,Bingham; Woden,3,0,6,1,0,2,0,0
0,Hancock,Boone Magor Corwith,8,4,16,6,5,4,7,0
0,Hancock,Britt; Erin; Orthel,4,3,78,19,12,13,22,2
0,Hancock,Concord Garner,6,1,64,17,10,32,17,2
0,Hancock,Crystal Township; Crystal Lake,2,0,2,3,0,1,1,0
0,Hancock,Ell Liberty; Klemme,7,0,20,2,7,3,14,0
0,Hancock,Garfield,5,0,8,0,2,0,0,0
0,Hancock,Madison Ellington (F.C.),1,1,29,5,8,9,2,0
0,Hardin,Alden/Buckeye Pct,AL,0,33,3,1,7,7,0
0,Hardin,Clay/Eldora/Pleasant/Providence/Union Pct,CL,5,109,17,9,13,22,0
0,Hardin,Concord/Sherman/Grant/Tipton Pct,CC,0,82,14,7,9,36,2
0,Hardin,Eldora City Pct,EL,4,57,16,6,35,6,0
0,Hardin,Etna Pct,ET,1,21,15,6,2,25,0
0,Hardin,Hardin/Ellis/Jackson Pct,HA,0,37,9,2,16,17,0
0,Hardin,Iowa Falls 1 Pct,IF1,0,26,11,3,10,8,0
0,Hardin,Iowa Falls 2 Pct,IF2,4,59,25,12,28,9,0
0,Harrison,Calhoun Jefferson Lagrange,JF,0,0,0,0,0,0,0
0,Harrison,Cass Union Washington Persia,WS,0,10,5,7,15,6,1
0,Harrison,Clay Taylor Cincinnati Modale,TA,1,4,0,0,11,1,0
0,Harrison,Douglas Lincoln Boyer,BO,0,5,5,1,14,2,0
0,Harrison,Harrison Dunlap,HS,1,11,4,6,9,5,0
0,Harrison,Jackson Allen Pisgah,JA,1,14,2,0,5,6,0
0,Harrison,Little Sioux,LS,0,6,1,1,1,0,0
0,Harrison,Logan City,LO,3,29,11,17,32,8,0
0,Harrison,Magnolia,MA,3,18,0,0,12,0,0
0,Harrison,Missouri Valley City,MV,4,21,3,14,27,15,1
0,Harrison,Morgan Raglan Mondamin,MR,1,9,0,3,20,2,0
0,Harrison,St John Twp,SJ,0,16,6,8,14,8,0
0,Harrison,Woodbine City,WB,0,24,7,8,23,3,0
0,Henry,Central Precinct,C,5,59,10,22,22,8,0
0,Henry,Mt Pleasant I,MP1,4,29,14,7,12,4,0
0,Henry,Mt Pleasant II,MP2,4,29,11,8,14,6,2
0,Henry,Mt Pleasant III,MP3,1,27,10,18,15,7,1
0,Henry,Mt Pleasant Pct IV,MP4,4,31,14,9,26,5,0
0,Henry,Northeast Precinct,NE,2,37,7,5,12,4,0
0,Henry,Northwest Precinct,NW,0,70,3,11,11,11,1
0,Henry,Southeast Precinct,SE,3,78,5,7,30,15,0
0,Henry,Southwest Precinct,SW,1,14,3,3,10,6,0
0,Howard,Afton Howard Paris II,AF,0,2,2,11,17,9,2
0,Howard,Albion Forest City,AL,0,9,6,2,9,6,0
0,Howard,Chester Oak Dale,CH,0,6,0,1,4,6,1
0,Howard,Cresco 1A,CR1A,0,0,3,0,2,0,0
0,Howard,Cresco 2,CR2,1,18,13,3,9,3,0
0,Howard,Cresco 3,CR3,0,9,7,0,8,1,0
0,Howard,Jamestown Saratoga Howard Ctr,JT,0,3,2,4,5,24,0
0,Howard,New Oregon Paris I,NO,0,3,2,0,0,0,1
0,Howard,Riceville,RC,0,4,1,1,2,1,0
0,Howard,Vernon Springs Cresco 1B,CR1B,0,10,7,7,3,7,0
0,Humboldt,Avery Weaver Pct,AW,0,3,2,2,1,2,0
0,Humboldt,Corinth Rutland Sw Beaver,CR,1,19,5,3,12,4,0
0,Humboldt,Dakota City Pct,DC,0,19,1,1,2,1,0
0,Humboldt,Delana Wacousta No Avery,DW,1,12,5,1,3,10,0
0,Humboldt,Grove Lake Norway Ne Beaver,GL,0,29,1,1,15,4,0
0,Humboldt,Humboldt Pct 1,HU1,1,36,5,4,25,4,0
0,Humboldt,Humboldt Pct 2,HU2,0,18,6,3,14,9,1
0,Humboldt,Humboldt Pct 3,HU3,0,13,4,3,13,4,0
0,Humboldt,Humboldt Pct 4,HU4,1,14,12,5,5,3,0
0,Humboldt,Humboldt Pct 5,HU5,0,1,2,0,1,2,0
0,Humboldt,Vernon Humboldt Pct,VH,0,11,2,2,8,11,0
0,Ida,Blaine Hayes S1/2 Silver Creek,BL,1,8,4,2,9,7,0
0,Ida,Galva N1/2 Silver Creek,GV,1,3,4,0,15,6,0
0,Ida,Griggs Douglas,GG,2,22,12,10,30,20,0
0,Ida,Ida Grove 1,IG1,0,8,2,1,12,3,0
0,Ida,Ida Grove 2,IG2,0,7,8,1,6,5,0
0,Ida,Ida Grove 3 Corwin,IG3,1,13,4,0,7,1,0
0,Ida,Maple Garfield Grant Battle Logan,MP,0,25,9,6,9,19,0
0,Iowa,Dayton English 1,DA,0,22,2,2,10,5,0
0,Iowa,English 2,EN,4,32,3,11,19,11,0
0,Iowa,Fillmore Greene,FM,0,0,0,0,0,0,0
0,Iowa,Hartford 1 Sumner,HS,6,14,2,4,24,6,0
0,Iowa,Hartford 2 Lincoln,HL,0,0,0,0,0,0,0
0,Iowa,Hilton Iowa,HT,5,26,6,10,13,10,0
0,Iowa,Honey Creek Marengo Washington,HC,0,16,1,7,6,4,3
0,Iowa,Lenox,LX,5,8,12,7,29,19,0
0,Iowa,Marengo City,MR,1,16,4,13,10,12,1
0,Iowa,Pilot Troy York,PI,2,21,3,5,13,22,1
0,Iowa,Williamsburg City,WM,10,44,3,12,26,17,0
0,Jackson,Pct 01,1,3,11,17,6,34,9,0
0,Jackson,Pct 02,2,1,6,3,3,25,2,0
0,Jackson,Pct 03,3,0,0,3,8,8,0,0
0,Jackson,Pct 04,4,0,1,6,6,15,2,0
0,Jackson,Pct 05,5,2,2,1,17,6,1,2
0,Jackson,Pct 06,6,1,10,3,9,14,8,0
0,Jackson,Pct 07,7,4,20,5,7,20,4,0
0,Jackson,Pct 08,8,0,6,2,13,7,1,0
0,Jackson,Pct 09,9,0,3,2,3,24,1,2
0,Jackson,Pct 10,10,2,3,2,2,6,4,0
0,Jackson,Pct 11,11,0,5,1,2,4,0,0
0,Jackson,Pct 12,12,0,11,0,6,6,3,0
0,Jackson,Pct 13,13,1,3,1,1,3,1,0
0,Jackson,Pct 14,14,1,6,2,1,4,1,2
0,Jackson,Pct 15,15,1,7,1,1,14,0,0
0,Jackson,Pct 16,16,1,35,8,8,20,3,0
0,Jasper,Buena Vista Elk Creek  Be,BE,0,31,5,4,7,17,1
0,Jasper,Clearcreek Poweshiek  Cp,CP,0,45,15,4,9,15,0
0,Jasper,Colfax 1,CF1,1,6,4,5,4,7,0
0,Jasper,Colfax 2,CF2,2,14,1,0,1,4,0
0,Jasper,Colfax 3,CF3,1,8,2,2,5,1,0
0,Jasper,Des Moines  Dm,DM,2,47,7,12,17,17,0
0,Jasper,Fairview Fv,FV,3,39,7,6,22,9,0
0,Jasper,Hickory Grove Hr,HR,1,50,9,14,14,21,0
0,Jasper,Independence Malaka  Im,IM,1,23,6,1,30,31,0
0,Jasper,Lynn Grove Richland  Lr,LR,0,25,4,2,15,5,0
0,Jasper,Mound Prairie Washington  Mw,MW,3,29,8,0,8,11,0
0,Jasper,Newton 1-1,NT11,0,19,7,2,15,3,0
0,Jasper,Newton 1-2,NT12,0,28,0,7,7,10,0
0,Jasper,Newton 2-1,NT21,3,31,9,5,17,9,0
0,Jasper,Newton 2-2,NT22,1,31,7,4,6,10,0
0,Jasper,Newton 3-1,NT31,0,29,5,3,21,2,0
0,Jasper,Newton 3-2,NT32,0,153,25,9,13,34,1
0,Jasper,Newton 4-1,NT41,2,65,21,10,54,13,3
0,Jasper,Newton 4-2,NT42,0,26,5,5,16,1,0
0,Jasper,Newton Sherman  Ns,NS,2,41,11,11,26,11,1
0,Jasper,Palo Alto  Pa,PA,5,62,4,7,12,11,1
0,Jefferson,Blackhawk Polk,BH,1,30,7,12,15,12,0
0,Jefferson,Buchanan,BU,3,12,0,10,7,3,0
0,Jefferson,Center Cedar,CT,5,26,7,47,16,14,2
0,Jefferson,Des Moines Liberty,DM,0,21,1,5,10,3,0
0,Jefferson,Fairfield 1,FF1,5,27,16,55,22,10,0
0,Jefferson,Fairfield 2,FF2,2,6,0,59,6,2,0
0,Jefferson,Fairfield 3,FF3,3,21,0,33,6,0,0
0,Jefferson,Fairfield 4,FF4,3,17,1,38,13,9,1
0,Jefferson,Fairfield 5,FF5,2,37,3,27,25,4,0
0,Jefferson,Lockridge Round Prairie,LR,0,23,0,4,5,5,1
0,Jefferson,Locust Grove,LG,0,21,0,0,2,4,0
0,Jefferson,Walnut Penn,WL,1,22,3,8,5,12,0
0,Johnson,Big Grove,BG,4,19,19,1,14,20,0
0,Johnson,Cedar,CE,0,4,1,7,13,3,0
0,Johnson,Clear Creek,CC,3,0,3,1,1,2,0
0,Johnson,Coralville 01,CV.01,3,10,7,12,13,1,0
0,Johnson,Coralville 02,CV.02,6,61,22,20,27,7,2
0,Johnson,Coralville 03,CV.03,0,4,1,3,9,5,0
0,Johnson,Coralville 04,CV.04,2,18,3,16,23,9,0
0,Johnson,Coralville 05,CV.05,6,22,14,7,58,4,0
0,Johnson,Coralville 06,CV.06,15,67,54,19,92,13,2
0,Johnson,Fremont,FR,0,7,4,1,13,19,0
0,Johnson,Graham,GR,0,0,6,1,4,3,0
0,Johnson,Hardin,HD,0,2,1,5,9,1,1
0,Johnson,Iowa City 01,IC.01,2,15,11,26,18,6,0
0,Johnson,Iowa City 02,IC.02,11,16,15,14,42,6,0
0,Johnson,Iowa City 03,IC.03,5,9,3,6,3,0,0
0,Johnson,Iowa City 04,IC.04,4,5,21,21,34,3,1
0,Johnson,Iowa City 05,IC.05,8,4,4,4,2,0,0
0,Johnson,Iowa City 06,IC.06,2,19,14,7,27,9,0
0,Johnson,Iowa City 07,IC.07,8,12,18,3,14,0,0
0,Johnson,Iowa City 08,IC.08,5,27,18,20,59,13,1
0,Johnson,Iowa City 09,IC.09,5,20,9,10,27,8,0
0,Johnson,Iowa City 10,IC.10,2,3,6,18,2,4,0
0,Johnson,Iowa City 11,IC.11,2,0,6,5,4,0,0
0,Johnson,Iowa City 12,IC.12,10,24,7,10,35,7,0
0,Johnson,Iowa City 13,IC.13,3,8,1,4,6,6,0
0,Johnson,Iowa City 14,IC.14,3,16,13,15,28,1,0
0,Johnson,Iowa City 15,IC.15,0,16,2,16,8,2,1
0,Johnson,Iowa City 16,IC.16,13,23,28,14,59,10,1
0,Johnson,Iowa City 17,IC.17,4,7,18,21,35,9,0
0,Johnson,Iowa City 18,IC.18,10,6,11,19,15,5,0
0,Johnson,Iowa City 19,IC.19,3,4,3,14,5,1,0
0,Johnson,Iowa City 20,IC.20,13,3,3,11,8,1,0
0,Johnson,Iowa City 21,IC.21,6,8,8,20,6,2,1
0,Johnson,Iowa City 22,IC.22,11,14,8,8,26,4,0
0,Johnson,Iowa City 23,IC.23,10,15,20,19,25,4,0
0,Johnson,Iowa City 24,IC.24,2,14,19,23,22,6,0
0,Johnson,Iowa City 25,IC.25,6,25,22,11,52,6,0
0,Johnson,Jefferson East,JE,5,16,13,12,44,16,5
0,Johnson,Jefferson West,JW,2,11,11,6,25,4,4
0,Johnson,Liberty,LB,0,4,8,8,7,1,1
0,Johnson,Lincoln,LN,0,0,0,1,0,2,0
0,Johnson,Madison,MD,6,8,6,3,9,1,0
0,Johnson,Monroe,MN,0,12,2,4,13,4,0
0,Johnson,Newport,NP,3,25,25,16,36,10,0
0,Johnson,North Liberty 01,NL.01,10,66,24,27,75,28,2
0,Johnson,North Liberty 02,NL.02,14,55,26,22,52,15,1
0,Johnson,Oxford,OX,2,10,1,18,8,2,0
0,Johnson,Penn,PN,16,23,27,12,41,25,0
0,Johnson,Pleasant Valley,PV,0,3,0,1,2,4,0
0,Johnson,Scott,SC,1,9,5,2,19,3,0
0,Johnson,Sharon,SN,0,27,6,1,21,6,0
0,Johnson,Solon,SO,3,19,3,9,9,10,0
0,Johnson,Tiffin,TF,5,14,11,4,11,5,0
0,Johnson,Union,UN,4,11,2,7,11,2,0
0,Johnson,University Heights,UH,10,8,15,4,7,1,0
0,Johnson,Washington,WS,1,27,0,14,9,11,0
0,Johnson,West Lucas,WL,3,8,3,3,11,3,0
0,Jones,Anamosa 1 Cass,AN1,6,19,8,0,23,9,0
0,Jones,Anamosa 2 Fairview Jackson,AN2,5,33,11,22,47,11,1
0,Jones,Anamosa 3,AN3,0,8,3,3,7,5,0
0,Jones,Anamosa 4 Rural,AN4,0,16,10,5,11,2,0
0,Jones,Castle Grove Lovell,CGLV,1,13,6,3,38,11,0
0,Jones,Center Junction Madison,CJMD,0,7,1,5,14,2,0
0,Jones,Greenfield,GF,0,13,2,1,12,5,0
0,Jones,Monticello 1,MN1,1,3,1,2,14,6,0
0,Jones,Monticello 2,MN2,0,4,2,3,8,5,0
0,Jones,Monticello 3,MN3,1,3,4,0,0,3,1
0,Jones,Monticello 4,MN4,2,10,3,2,13,2,0
0,Jones,Onslow Clay,ONCL,0,3,1,6,11,2,0
0,Jones,Oxford,OX,0,1,4,4,7,5,0
0,Jones,Richland Washington,RLWS,0,4,7,0,8,7,0
0,Jones,Rome Hale,ROHA,2,14,4,8,11,7,0
0,Jones,Wayne Scotch Grove,WASG,0,15,2,0,20,9,0
0,Jones,Wyoming,WY,3,2,1,6,5,6,0
0,Keokuk,Adams,AD,2,3,3,2,3,4,0
0,Keokuk,Benton Steady Run,BN,0,30,3,12,2,6,1
0,Keokuk,East Lafayette,ELF,2,15,5,5,7,4,0
0,Keokuk,East West Lancaster,LC,0,2,1,1,1,3,0
0,Keokuk,English River Liberty,ER,0,11,4,8,12,3,1
0,Keokuk,Jackson,JA,0,0,0,0,0,0,0
0,Keokuk,Lafayette Clear Creek,WLF,1,6,2,1,4,2,0
0,Keokuk,Prairie,PR,0,3,6,0,0,3,0
0,Keokuk,Richland,RL,1,29,3,14,6,9,0
0,Keokuk,Sigourney 1,SG1,3,8,3,1,5,7,0
0,Keokuk,Sigourney 2,SG2,0,8,1,1,3,3,0
0,Keokuk,Sigourney 3,SG3,0,5,1,0,3,2,0
0,Keokuk,Sigourney 4,SG4,2,10,5,0,8,0,0
0,Keokuk,Sigourney Plank Van Buren,SGR,1,19,3,6,7,2,0
0,Keokuk,Warren,WN,0,7,0,1,2,2,0
0,Keokuk,What Cheer Washington,WC,0,10,0,4,1,4,0
0,Kossuth,Algona 1 Cresco,AL1,0,60,14,3,16,5,0
0,Kossuth,Algona 2,AL2,2,37,10,1,18,4,0
0,Kossuth,Algona 3,AL3,0,23,4,2,5,8,0
0,Kossuth,Algona 4 Cresco,AL4,0,37,7,2,6,6,1
0,Kossuth,Bancroft Ramsey,BN,0,2,5,5,7,1,0
0,Kossuth,Buffalo German Wesley 5,BF,0,22,0,0,3,7,0
0,Kossuth,Burt,BT,0,12,2,2,1,6,0
0,Kossuth,Cresco,CR,0,4,3,0,2,0,0
0,Kossuth,Eagle Grant Harrison Swea,EG,1,21,3,2,4,3,4
0,Kossuth,Fenton 1 Seneca,FS,0,9,1,0,3,4,0
0,Kossuth,Fenton 2,FT,0,2,1,0,5,0,0
0,Kossuth,Garfield Riverdale,GF,1,8,1,4,7,5,0
0,Kossuth,Greenwood,GW,0,2,1,0,0,0,0
0,Kossuth,Hebron Ledyard 1 Lincoln,HB,0,8,1,1,3,3,0
0,Kossuth,Irvington Prairie,IV,1,9,7,0,3,5,0
0,Kossuth,Lotts Creek,LC,0,5,2,0,1,3,0
0,Kossuth,Luverne Sherman,LV,0,2,2,0,3,3,0
0,Kossuth,Plum Creek Union,PC,0,12,6,1,5,3,0
0,Kossuth,Portland,PT,0,3,0,0,0,0,0
0,Kossuth,Springfield Ledyard 2,SF,0,3,0,0,0,0,0
0,Kossuth,Wesley,WL,0,12,0,0,2,4,3
0,Kossuth,Whittemore,WM,1,4,0,0,2,1,0
0,Lee,Charleston Van Buren Des Moines,CH VB,0,15,1,7,5,9,0
0,Lee,FM 1,FM1,0,15,8,11,21,6,0
0,Lee,FM 2,FM2,0,25,3,4,15,7,0
0,Lee,FM 3,FM3,0,18,5,5,6,4,0
0,Lee,FM 4A,FM4A,1,17,4,0,4,7,1
0,Lee,FM4B,FM4B,0,6,0,1,0,1,0
0,Lee,FM5/Madison Twp,FM5,1,16,6,3,14,2,0
0,Lee,Franklin Cedar Marion,FR CE,0,26,9,5,21,9,1
0,Lee,Harrison,HR,0,1,0,4,0,6,1
0,Lee,Jackson,JK,1,11,18,4,10,10,0
0,Lee,Jefferson,JF,1,8,9,2,10,5,0
0,Lee,KE1,KE1,0,15,0,3,19,2,0
0,Lee,KE2A,KE2A,0,0,0,0,0,0,0
0,Lee,KE2B,KE2B,0,6,0,6,7,3,0
0,Lee,KE3,KE3,0,13,4,0,5,4,1
0,Lee,KE4,KE4,1,3,0,3,2,1,0
0,Lee,KE5,KE5,1,9,3,4,4,10,0
0,Lee,KE6,KE6,0,8,0,2,4,0,0
0,Lee,KE7,KE7,2,10,6,3,12,3,1
0,Lee,Montrose,MO,0,19,1,10,10,11,0
0,Lee,Pleasant Ridge West Point,WP PR,2,11,3,2,10,9,0
0,Lee,Washington Green Bay Denmark,WS,5,32,11,12,13,19,3
0,Linn,01 Cr,1,0,13,3,2,5,2,0
0,Linn,02 Cr,2,2,17,5,7,8,5,0
0,Linn,03 Cr,3,1,29,1,5,13,3,0
0,Linn,04 Cr,4,3,15,1,7,14,8,1
0,Linn,05 Cr,5,1,2,1,2,2,0,0
0,Linn,06 Cr,6,1,11,4,4,7,0,0
0,Linn,07 Cr,7,2,13,2,6,8,4,0
0,Linn,08 Cr,8,0,14,2,9,14,6,0
0,Linn,09 Cr,9,4,21,2,16,13,11,0
0,Linn,10 Cr,10,5,28,4,10,16,19,1
0,Linn,11 Cr,11,3,25,10,2,31,11,0
0,Linn,12 Cr,12,8,60,21,16,48,20,0
0,Linn,13 Cr,13,4,17,4,9,12,9,0
0,Linn,14 Cr,14,3,24,12,12,30,4,1
0,Linn,15 Cr,15,9,22,18,5,18,11,0
0,Linn,16 Cr,16,2,15,11,15,29,11,0
0,Linn,17 Cr,17,9,37,13,21,27,18,0
0,Linn,18 Cr,18,1,23,11,8,27,12,0
0,Linn,19 Cr,19,0,13,3,6,13,4,0
0,Linn,20 Cr,20,5,11,9,4,28,7,4
0,Linn,21 Cr,21,4,19,4,5,11,7,0
0,Linn,22 Cr,22,0,10,0,8,6,1,0
0,Linn,23 Cr,23,20,70,69,34,130,34,0
0,Linn,24 Cr,24,12,56,29,13,88,15,0
0,Linn,25 Cr,25,7,40,7,8,51,14,4
0,Linn,26 Cr,26,4,12,10,7,37,16,0
0,Linn,27 Cr,27,8,23,6,4,12,16,3
0,Linn,28 Cr,28,3,17,13,3,19,10,2
0,Linn,29 Cr,29,9,21,19,11,49,22,0
0,Linn,30 Cr,30,8,34,34,20,61,41,6
0,Linn,31 Cr,31,7,54,15,18,73,18,0
0,Linn,32 Cr,32,7,30,14,22,21,23,0
0,Linn,33 Cr,33,6,16,8,10,23,7,1
0,Linn,34 Cr,34,1,5,3,7,3,4,0
0,Linn,35 Cr,35,3,17,2,12,12,9,0
0,Linn,36 Cr,36,3,11,2,3,12,7,1
0,Linn,37 Cr,37,2,22,6,7,9,5,0
0,Linn,38 Cr,38,3,17,3,16,12,0,1
0,Linn,39 Cr,39,1,19,7,15,26,9,0
0,Linn,40 Cr,40,6,9,39,7,25,12,1
0,Linn,41 Cr,41,17,21,43,26,82,17,0
0,Linn,42 Cr,42,16,26,22,12,59,17,2
0,Linn,43 Cr,43,4,23,13,7,12,7,0
0,Linn,44 Cr,44,4,19,18,19,28,17,0
0,Linn,45 Cr,45,13,30,38,18,79,35,4
0,Linn,46 Cr,46,1,13,12,7,34,9,0
0,Linn,47 Cr,47,0,32,10,7,40,21,0
0,Linn,Bertram Twp,BT,2,37,26,12,46,28,0
0,Linn,Boulder Twp,BO,0,5,0,8,7,3,0
0,Linn,Brown Twp,BR,4,27,9,11,30,15,4
0,Linn,Buffalo Twp,BF,1,0,1,5,6,4,0
0,Linn,Central City,CC,0,8,8,10,7,2,0
0,Linn,Clinton Twp,CL,0,15,4,8,15,4,0
0,Linn,College Twp,CG,5,7,2,8,11,4,1
0,Linn,Fairfax Twp,FF,10,40,15,21,38,30,0
0,Linn,Fayette Twp,FY,2,7,0,4,18,4,1
0,Linn,Fr Twp - Lisbon Pct,LS,2,34,12,10,20,11,0
0,Linn,Grant Twp,GR,1,14,3,9,11,0,0
0,Linn,Hiawatha Pct 1,HW1,3,23,5,11,15,8,0
0,Linn,Hiawatha Pct 2,HW2,3,45,19,14,44,23,4
0,Linn,Jackson Twp,JA,1,18,6,8,20,8,0
0,Linn,Linn Twp,LN,0,4,3,4,17,8,0
0,Linn,Maine Twp,MA,0,8,2,3,9,5,0
0,Linn,Mn Twp; Pct 1,MN1,18,33,26,19,55,38,5
0,Linn,Mn Twp; Pct 2,MN2,6,25,7,8,25,14,0
0,Linn,Mn Twp; Robins Pct,RB,8,42,16,13,62,36,1
0,Linn,Mr Twp; Squaw Crk Pct,SQ,2,7,19,4,66,14,0
0,Linn,Mr Twp-Linn-Mar Pct,LM,7,43,11,10,31,29,0
0,Linn,Mr Ward 1; Pct 1,M1-1,4,22,4,5,11,12,0
0,Linn,Mr Ward 1; Pct 2,M1-2,5,24,12,8,8,9,1
0,Linn,Mr Ward 1; Pct 3,M1-3,0,19,3,5,8,8,2
0,Linn,Mr Ward 2; Pct 1,M2-1,4,21,12,9,49,15,4
0,Linn,Mr Ward 2; Pct 2,M2-2,8,32,23,18,63,24,0
0,Linn,Mr Ward 2; Pct 3,M2-3,3,47,10,11,74,16,0
0,Linn,Mr Ward 3; Pct 1,M3-1,6,23,5,5,17,9,0
0,Linn,Mr Ward 3; Pct 2,M3-2,4,32,9,15,21,23,0
0,Linn,Mr Ward 3; Pct 3,M3-3,1,8,2,4,7,9,0
0,Linn,Mr Ward 4; Pct 1,M4-1,16,53,12,8,55,29,0
0,Linn,Mr Ward 4; Pct 2,M4-2,11,52,15,10,30,23,0
0,Linn,Mr Ward 4; Pct 3,M4-3,7,35,17,13,41,25,2
0,Linn,Mt Vernon North,MVN,4,23,14,7,16,17,0
0,Linn,Mt Vernon South,MVS,2,25,8,14,26,31,0
0,Linn,Otter Crk Twp,OC,4,12,2,12,21,14,0
0,Linn,Putnam Twp,PN,7,23,8,12,22,9,4
0,Linn,Spring Grove Twp,SG,0,5,0,3,3,4,1
0,Linn,Washington Twp,WS,8,39,15,10,33,34,4
0,Louisa,Columbus Jct City,CJ,0,8,8,0,12,8,0
0,Louisa,Concord Oakland,CN,3,8,3,0,6,1,0
0,Louisa,Eliot,EL,1,16,3,0,4,5,0
0,Louisa,Grandview North Port,GV,0,25,10,4,17,8,0
0,Louisa,Morningsun Marshall,MS,1,17,1,9,15,8,1
0,Louisa,Wapello City,WP,0,27,12,1,20,14,0
0,Louisa,Wapello Jefferson and South in Wapello Port Louisa twps.,WPJ,0,13,4,4,11,8,0
0,Louisa,West Louisa Lodge,WL,0,42,7,4,21,4,0
0,Lucas,Chariton Ward #1,C1,2,25,5,4,11,5,0
0,Lucas,Chariton Ward #2,C2,3,37,6,4,15,10,2
0,Lucas,Chariton Ward #3,C3,2,27,7,3,12,7,0
0,Lucas,Derby Precinct,DB,0,12,0,2,1,3,0
0,Lucas,Extension Precinct,EX,2,39,7,1,5,14,0
0,Lucas,Lucas Precinct,LC,0,17,1,0,1,6,0
0,Lucas,Russell Precinct,RS,0,20,6,8,5,7,0
0,Lucas,Williamson Precinct,WM,0,35,2,6,6,13,0
0,Lyon,Pct 1 George,P1,0,42,12,5,5,14,0
0,Lyon,Pct 2 Doon,P2,1,50,6,3,14,2,1
0,Lyon,Pct 3 Inwood,P3,0,32,14,2,9,6,0
0,Lyon,Pct 4 Larchwood,P4,0,13,12,1,1,2,1
0,Lyon,Pct 5 Lester,P5,0,13,5,0,35,9,4
0,Lyon,Pct 6 Little Rock,P6,0,6,1,3,3,3,0
0,Lyon,Pct 7 Rock Rapids,P7,0,19,33,4,12,1,0
0,Lyon,Pct 8 Rock Rapids,P8,2,39,30,10,22,12,1
0,Madison,Precinct Gm (Grand River-Monroe),GM,0,8,2,1,4,5,0
0,Madison,Precinct Jd (Jackson-Douglas),JD,4,24,4,8,10,13,0
0,Madison,Precinct Jl (Jefferson Lee),JL,9,57,18,5,8,20,2
0,Madison,Precinct Pm (Penn Madison),PM,2,39,6,12,26,23,2
0,Madison,Precinct Ss (Scott-South),SS,1,60,14,12,20,12,2
0,Madison,Precinct Uc  (Union-Crawford),UC,4,28,13,17,6,12,1
0,Madison,Precinct WL  (Webster-Lincoln),WL,0,14,4,1,8,5,1
0,Madison,Precinct Wo  (Walnut-Ohio),WO,2,21,7,7,5,8,0
0,Madison,Precinct Wt1 (Winterset I North),WT1,3,60,16,10,28,17,5
0,Madison,Precinct Wt2 (Winterset II South),WT2,6,84,12,12,31,24,2
0,Mahaska,Adams -  Monroe - Pleasant Grove - Union,AD,1,47,1,13,6,10,0
0,Mahaska,Black Oak Scott,BO,1,95,20,12,8,25,0
0,Mahaska,Cedar - White Oak,CE,0,44,4,7,8,11,0
0,Mahaska,E & W Des Moines-Harrison-Jefferson,ED,1,43,7,10,3,11,4
0,Mahaska,Garfield-Lincoln-Madison,GF,0,109,3,8,10,17,0
0,Mahaska,Oskaloosa Ward 1,OS1,1,45,4,6,13,6,1
0,Mahaska,Oskaloosa Ward 2,OS2,2,59,9,4,13,11,0
0,Mahaska,Oskaloosa Ward 3,OS3,2,80,23,4,27,23,1
0,Mahaska,Oskaloosa Ward 4,OS4,1,68,21,13,26,21,0
0,Mahaska,Prairie - Richland,PR,2,128,1,5,12,23,2
0,Mahaska,Spring Creek - University Park,SP,1,97,11,8,17,24,1
0,Marion,Clay Township,CL,0,0,0,0,0,0,0
0,Marion,Dallas,DA,0,0,0,0,0,0,0
0,Marion,Indiana,IN,0,0,0,0,0,0,0
0,Marion,Knoxville City Ward 1,KX1,4,327,41,97,152,133,3
0,Marion,Knoxville City Ward 2,KX2,0,0,0,0,0,0,0
0,Marion,Knoxville City Ward 3,KX3,0,0,0,0,0,0,0
0,Marion,Knoxville City Ward 4,KX4,0,0,0,0,0,0,0
0,Marion,Knoxville Twp,KXT,0,0,0,0,0,0,0
0,Marion,Lake Prairie,LP,0,136,28,7,25,23,2
0,Marion,Liberty,LB,0,0,0,0,0,0,0
0,Marion,Otley,OTLEY,0,98,7,0,20,35,1
0,Marion,Pella City Ward 1,PE1,0,137,18,22,19,21,0
0,Marion,Pella City Ward 2,PE2,0,168,21,9,24,19,1
0,Marion,Pella City Ward 3,PE3,1,188,22,9,39,16,2
0,Marion,Pella City Ward 4,PE4,3,82,32,4,22,16,1
0,Marion,Pleasantville,PVLLE,0,0,0,0,0,0,0
0,Marion,Washington,WS,0,0,0,0,0,0,0
0,Marshall,1-1 VFW POST 839,10,1,8,0,1,7,4,0
0,Marshall,1-2 VFW POST 839,11,2,12,4,2,11,9,0
0,Marshall,2-1 Miller Middle School,12,3,55,21,3,36,32,0
0,Marshall,2-2 Miller Middle School,13,2,50,24,13,53,9,0
0,Marshall,3-1 FISHER COMMUNITY CENTER,14,6,60,36,8,73,19,0
0,Marshall,3-2 FISHER COMMUNITY CENTER,15,1,70,13,4,55,16,1
0,Marshall,4-1 FIRST BAPTIST CHURCH,16,0,32,4,6,18,8,1
0,Marshall,4-2 FIRST BAPTIST CHRUCH,17,0,55,16,10,66,15,1
0,Marshall,Bangor Liberty Minerva,1,0,26,8,4,15,14,0
0,Marshall,Eden Logan,2,4,40,6,5,12,13,1
0,Marshall,Green Castle,3,0,30,2,6,9,10,0
0,Marshall,Iowa Taylor,4,2,23,7,1,18,8,4
0,Marshall,Jefferson,5,0,19,3,4,4,4,2
0,Marshall,Legrand,6,1,39,3,8,9,8,1
0,Marshall,Liscomb,7,2,19,2,3,5,12,0
0,Marshall,Marietta Washington,8,1,18,8,5,37,4,0
0,Marshall,Marion Vienna,9,1,39,20,7,21,25,0
0,Marshall,State Center,18,2,25,4,17,20,24,0
0,Marshall,Timber Creek,19,0,35,6,3,26,8,0
0,Mills,Deer Creek White Cloud,DR,2,16,4,0,14,7,0
0,Mills,Emerson Hastings Ind Crk Twp,EM,3,7,1,2,7,1,0
0,Mills,Glenwood 1,GW1,0,3,9,3,2,10,0
0,Mills,Glenwood 2,GW2,3,25,5,6,11,19,0
0,Mills,Glenwood 3,GW3,1,2,2,0,7,12,0
0,Mills,Glenwood Twp,GWR,0,2,1,0,8,7,0
0,Mills,Henderson Anderson Twp,HN,0,36,14,9,33,4,0
0,Mills,Malvern Tabor Sil/Cen/Raw,MV,3,24,12,13,10,12,0
0,Mills,Oak Saint Mary Twp,OK,4,33,25,14,25,10,0
0,Mills,Pacific Junction Ly/Platt,PJ,2,3,2,5,1,8,0
0,Mills,Silver City Ingraham Twp,SV,7,4,1,0,8,8,0
0,Mitchell,Burr Oak Liberty,BO,2,0,1,1,6,3,1
0,Mitchell,Cedar,CE,0,10,6,1,5,8,0
0,Mitchell,Cedar Twp West Lincoln,OSWL,0,0,2,1,0,0,0
0,Mitchell,Douglas East Lincoln,DG,0,9,9,3,3,1,0
0,Mitchell,Jenkins Riceville City,JK,0,11,10,0,5,2,0
0,Mitchell,Osage Pct 1,OS1,2,13,12,5,4,1,0
0,Mitchell,Osage Pct 2,OS2,1,8,8,12,2,2,0
0,Mitchell,Osage Pct 3,OS3,0,3,4,3,4,1,0
0,Mitchell,Osage Pct 4,OS4,0,4,8,5,4,0,0
0,Mitchell,Otranto Newburg Carpenter City,OT,1,7,2,6,2,5,1
0,Mitchell,Rock Mitchell Osage,MT,2,4,7,1,3,11,0
0,Mitchell,St Ansgar Union,SA,5,30,15,12,7,8,0
0,Mitchell,Stacyville,SV,0,3,2,5,0,3,0
0,Mitchell,Wayne Mcintire City,MC,0,3,0,0,2,2,0
0,Monona,Ashton Lincoln Belvidere Kennebec Turin,AS01,0,0,0,0,0,0,0
0,Monona,Castana Center Jordan,CN02,0,9,8,5,14,6,1
0,Monona,Cooper Maple Mapleton,CP03,5,11,4,6,32,9,0
0,Monona,Fairview Grant Lake Rodney Whiting West Fork,FV04,1,21,11,6,17,9,0
0,Monona,Moorhead Soldier Soldier City Spring Valley Willow,SO11,0,9,2,0,10,6,0
0,Monona,Nw Franklin Onawa Ward 1,ON105,0,9,2,0,7,4,0
0,Monona,Onawa Ward 2,ON206,2,9,2,3,7,2,0
0,Monona,Onawa Ward 3,ON307,0,11,2,0,4,5,1
0,Monona,Onawa Ward 4,ON408,0,2,2,0,6,2,0
0,Monona,Sherman Se Franklin Blencoe Sioux,SH10,0,4,4,0,7,0,0
0,Monona,St Clair Ute,SC09,0,10,1,0,13,7,0
0,Monroe,Precinct Al1,AL1,2,13,1,4,2,2,1
0,Monroe,Precinct Al2,AL2,0,14,1,4,3,0,0
0,Monroe,Precinct Al3,AL3,1,13,0,2,4,2,0
0,Monroe,Precinct Al4,AL4,0,2,3,1,3,1,0
0,Monroe,Precinct Courthouse(TR/MT/UR/MN/PL),CTHSE,1,55,4,9,14,12,0
0,Monroe,Precinct Lovilia(CE/UN/BC/GL/LV),LOVILIA,0,31,1,9,3,16,0
0,Monroe,Precinct Melrose(JK/WY/FR/ML),MELROSE,0,14,4,0,6,4,2
0,Montgomery,Douglas Washington Twps  Grant,6,0,2,2,3,6,2,0
0,Montgomery,Pilot Grove Frankfort Stanton,5,3,24,8,6,18,13,0
0,Montgomery,Scott East Twp Villisca,7,1,19,4,10,11,3,0
0,Montgomery,Ward 3 Ro Twp Wst Twp Grant,3,7,34,22,11,47,4,0
0,Montgomery,Ward1 Grant Ro Twp Coburg,1,0,12,12,9,31,4,0
0,Montgomery,Ward2 Ro West Grant Twp,2,0,21,3,3,18,4,0
0,Montgomery,Wst Grfld Lncln Sher Elliott,4,3,12,7,3,11,1,0
0,Muscatine,Bloomington/Lake,BLLA,18,50,25,11,57,32,0
0,Muscatine,Cedar,CE,0,1,0,0,0,3,0
0,Muscatine,Fruitland 1,F1,3,13,1,4,4,6,0
0,Muscatine,Fruitland 2,F2,0,1,11,3,16,3,0
0,Muscatine,Fulton,FU,0,2,1,0,4,2,0
0,Muscatine,Goshen,GO,2,2,1,1,5,4,0
0,Muscatine,Montpelier,MO,0,8,4,4,8,4,0
0,Muscatine,Muscatine 1,MU01,3,41,25,14,41,11,0
0,Muscatine,Muscatine 10,MU10,1,9,8,7,15,2,0
0,Muscatine,Muscatine 2,MU02,1,32,5,12,18,4,0
0,Muscatine,Muscatine 3,MU03,4,16,1,5,9,4,0
0,Muscatine,Muscatine 4,MU04,3,13,7,2,13,4,1
0,Muscatine,Muscatine 5,MU05,1,8,1,3,13,0,0
0,Muscatine,Muscatine 6,MU06,9,44,19,21,36,3,1
0,Muscatine,Muscatine 7,MU07,5,14,3,9,12,1,0
0,Muscatine,Muscatine 8,MU08,0,11,1,2,8,1,0
0,Muscatine,Muscatine 9,MU09,5,10,13,5,6,2,0
0,Muscatine,Orono,OR,0,1,0,0,0,0,0
0,Muscatine,Pike,PI,0,4,1,7,5,5,0
0,Muscatine,Seventy Six,76,0,10,3,0,7,2,0
0,Muscatine,Sweetland,SW,4,31,11,10,27,10,0
0,Muscatine,Wapsie,WA,4,9,0,6,15,5,1
0,Muscatine,West Liberty,WL,0,10,7,1,15,6,0
0,Muscatine,Wilton City,WC,8,18,7,2,25,5,0
0,Muscatine,Wilton Twp/Moscow,WTMW,2,7,3,7,9,3,1
0,OBrien,Carroll Floyd,P1,0,30,6,2,1,5,2
0,OBrien,Franklin,P2,0,72,7,7,10,10,0
0,OBrien,Hartley Lincoln Omega,P3,1,24,6,13,9,17,1
0,OBrien,Sheldon 1,P4,0,61,4,4,15,5,3
0,OBrien,Sheldon 2,P5,0,22,3,1,2,5,0
0,OBrien,Sheldon 3,P6,2,27,2,5,5,6,0
0,OBrien,Summut Center Dale Highland,P7,0,43,10,11,14,14,0
0,OBrien,Union Baker Caledonia,P8,0,38,11,4,20,7,0
0,OBrien,Waterman Grant Liberty,P9,0,18,5,1,7,5,0
0,Osceola,Ashton,AT,0,13,5,2,5,6,0
0,Osceola,Harris,HA,0,2,2,2,5,0,0
0,Osceola,Hiview,HV,0,4,12,15,7,3,0
0,Osceola,May City,MC,1,10,0,8,0,1,0
0,Osceola,Melvin,MV,0,3,0,2,4,1,0
0,Osceola,Ocheyedan,OX,0,16,1,11,6,1,0
0,Osceola,Sibley 1,SB1,2,1,0,8,5,1,1
0,Osceola,Sibley 2,SB2,0,11,7,10,13,3,0
0,Osceola,Sibley 3,SB3,1,18,10,8,7,1,0
0,Page,AM-BN-HL-BV-CS-SB,AM,0,19,4,4,8,1,0
0,Page,Clarinda 1,CL1,0,11,4,2,5,3,0
0,Page,Clarinda 2,CL2,2,27,7,7,15,1,0
0,Page,Clarinda 3,CL3,3,15,14,2,13,2,0
0,Page,CX-LN-WS-BL-CN-NB,CX,0,5,6,2,15,3,0
0,Page,DG-ER-NK-NW-VY-HB-YT,ER,2,22,6,12,12,9,0
0,Page,GT-MT-TK,GT,0,14,2,3,6,4,0
0,Page,PC-FM-EX,PC,0,21,4,1,10,1,0
0,Page,Shenandoah 1,SD1,3,14,1,5,12,4,0
0,Page,Shenandoah 2,SD2,1,26,12,6,24,3,0
0,Page,Shenandoah 3,SD3,2,16,9,12,28,5,0
0,Palo Alto,Booth Emmetsburg Great Oak Nevada Silver Lake,5,0,4,3,2,6,6,0
0,Palo Alto,Ellington Rush Lake,EL,0,4,7,1,6,15,0
0,Palo Alto,Emmetsburg Ward 1 Freedom NW,EM1,0,17,12,4,8,4,0
0,Palo Alto,Emmetsburg Ward 2,EM2,2,4,3,1,12,4,0
0,Palo Alto,Emmetsburg Ward 3 Emmetsburg SE,EM3,2,7,3,1,2,6,1
0,Palo Alto,Emmetsburg Ward 4,EM4,0,8,0,2,8,4,0
0,Palo Alto,Fairfield N Freedom Independence Vernon,6,0,10,2,1,6,4,0
0,Palo Alto,Fairfield SE Fern Valley West Bend,WB,1,10,7,11,20,12,0
0,Palo Alto,Lost Island N Walnut,WL,0,2,5,0,7,11,1
0,Palo Alto,Lost Island SW Highland,HL,3,8,2,0,1,2,0
0,Plymouth,Akron,AK,0,9,11,5,26,2,0
0,Plymouth,Brunsville,BV,0,15,5,3,25,12,0
0,Plymouth,Craig,CG,0,15,9,0,17,3,2
0,Plymouth,Hinton,HT,1,48,15,13,35,24,0
0,Plymouth,Kingsley,KL,2,20,18,1,40,16,0
0,Plymouth,Le Mars Pct 11,LM11,0,30,41,10,58,19,1
0,Plymouth,Le Mars Pct 12,LM12,13,54,44,14,72,13,2
0,Plymouth,Le Mars Pct 13,LM13,1,25,12,3,22,8,1
0,Plymouth,Merrill,MR,3,21,12,8,28,11,0
0,Plymouth,Perry Hancock Twp,PY,5,20,11,12,44,23,1
0,Plymouth,Remsen,RM,3,22,7,4,29,37,0
0,Plymouth,Struble,SB,2,16,6,10,9,3,0
0,Plymouth,Westfield,WF,0,9,10,18,10,0,0
0,Pocahontas,Bellville Lizard S Lincoln,BV,0,12,3,3,5,6,0
0,Pocahontas,Cedar Colfax,CD,0,13,4,5,4,17,2
0,Pocahontas,Center-S Roosevelt-N Lincoln,PH2,0,9,2,6,2,2,0
0,Pocahontas,Clinton Des Moines N Garfield,DM,0,19,2,12,9,1,0
0,Pocahontas,Cummins N Sherman,CM,0,4,0,11,2,6,0
0,Pocahontas,Dover S Marshall,DV,0,7,0,3,2,1,0
0,Pocahontas,Grant S Sherman,GT,0,12,1,0,2,0,2
0,Pocahontas,Lake S Garfield,LK,0,8,5,2,3,3,0
0,Pocahontas,Pocahontas Pct 1,PH1,1,31,3,7,16,6,0
0,Pocahontas,Powhatan-N Roosevelt,PW,0,5,1,3,0,1,0
0,Pocahontas,Swan Lake N Marshall,SW,1,21,8,28,19,12,0
0,Polk,Alleman 1 (401) Lincoln 1,ALLEMAN,2,47,7,30,20,10,0
0,Polk,Allen 1(405),ALLEN 1,0,17,1,0,2,2,0
0,Polk,Altoona 01 (411),ALT 1,2,40,10,3,13,18,0
0,Polk,Altoona 02 (412),ALT 2,3,62,9,14,22,19,0
0,Polk,Altoona 03 (413),ALT 3,0,80,15,17,22,11,3
0,Polk,Altoona 04 (414),ALT 4,5,142,28,30,59,28,0
0,Polk,Ankeny 01 (416),ANK 1,22,157,48,18,140,54,0
0,Polk,Ankeny 02 (417),ANK 2,1,88,23,16,41,30,1
0,Polk,Ankeny 03 (418),ANK 3,5,117,22,22,58,12,1
0,Polk,Ankeny 04 (419),ANK 4,0,81,34,15,34,24,1
0,Polk,Ankeny 05 (420),ANK 5,5,121,42,26,57,20,0
0,Polk,Ankeny 06 (421),ANK 6,10,70,23,21,38,36,0
0,Polk,Ankeny 07 (422),ANK 7,2,100,22,15,41,37,2
0,Polk,Ankeny 08 (423),ANK 8,3,70,13,9,36,10,0
0,Polk,Ankeny 09 (424),ANK 9,6,148,13,17,47,23,2
0,Polk,Ankeny 10 (425),ANK 10,8,77,42,15,73,28,4
0,Polk,Ankeny 11 (426),ANK 11,2,62,3,16,19,29,1
0,Polk,Ankeny 12 (427),ANK 12,9,153,45,20,80,53,4
0,Polk,Bondurant 1 (431),BOND 1,4,114,16,17,45,19,1
0,Polk,Clay 1 (435),CLAY 1,0,43,8,24,20,9,1
0,Polk,Clive 1 (441),CLIVE 1,2,42,12,14,29,19,0
0,Polk,Clive 2 (442),CLIVE 2,12,83,48,10,60,31,2
0,Polk,Clive 3 (443),CLIVE 3,20,89,82,22,119,37,2
0,Polk,Clive 4 (444),CLIVE 4,45,78,109,22,179,48,0
0,Polk,Crocker 1 (445),CROCKER,12,222,64,41,102,56,5
0,Polk,Delaware 1 (451),DEL 1,1,34,8,2,7,12,0
0,Polk,Delaware 2 (452),DEL 2,0,15,1,3,4,7,0
0,Polk,Delaware 3 (453),DEL 3,2,14,1,1,8,11,1
0,Polk,Des Moines 001,DM 1,1,34,10,2,7,7,1
0,Polk,Des Moines 002,DM 2,1,59,8,9,11,4,0
0,Polk,Des Moines 003,DM 3,0,13,3,3,10,5,0
0,Polk,Des Moines 004,DM 4,0,11,3,7,3,3,1
0,Polk,Des Moines 005,DM 5,2,15,2,3,5,5,0
0,Polk,Des Moines 006,DM 6,5,21,3,9,9,10,1
0,Polk,Des Moines 007,DM 7,0,16,3,9,9,1,0
0,Polk,Des Moines 008,DM 8,4,20,12,5,9,18,0
0,Polk,Des Moines 009,DM 9,1,23,8,9,12,7,2
0,Polk,Des Moines 010,DM 10,3,29,5,5,7,8,0
0,Polk,Des Moines 011,DM 11,3,35,9,5,18,13,0
0,Polk,Des Moines 012,DM 12,2,67,15,16,26,16,4
0,Polk,Des Moines 013,DM 13,3,20,8,4,6,2,1
0,Polk,Des Moines 014,DM 14,2,38,11,8,14,9,1
0,Polk,Des Moines 015,DM 15,0,28,4,8,10,8,2
0,Polk,Des Moines 016,DM 16,4,32,21,7,20,13,0
0,Polk,Des Moines 017,DM 17,3,21,18,9,29,8,1
0,Polk,Des Moines 018,DM 18,4,34,17,4,24,9,0
0,Polk,Des Moines 019,DM 19,5,31,19,12,22,15,4
0,Polk,Des Moines 020,DM 20,0,17,5,4,2,15,0
0,Polk,Des Moines 021,DM 21,1,21,2,7,8,7,1
0,Polk,Des Moines 022,DM 22,0,17,3,8,6,2,0
0,Polk,Des Moines 023,DM 23,0,28,4,5,3,7,0
0,Polk,Des Moines 024,DM 24,3,21,4,9,5,6,0
0,Polk,Des Moines 025,DM 25,2,12,1,7,3,5,1
0,Polk,Des Moines 026,DM 26,5,20,6,10,7,5,0
0,Polk,Des Moines 027,DM 27,1,40,11,10,3,1,2
0,Polk,Des Moines 028,DM 28,3,22,8,7,5,4,1
0,Polk,Des Moines 029,DM 29,8,105,11,16,23,24,0
0,Polk,Des Moines 030,DM 30,6,23,3,1,10,11,0
0,Polk,Des Moines 031,DM 31,0,24,2,8,4,9,2
0,Polk,Des Moines 032,DM 32,1,40,2,16,10,4,1
0,Polk,Des Moines 033,DM 33,0,22,2,3,2,2,1
0,Polk,Des Moines 034,DM 34,0,15,1,2,0,2,0
0,Polk,Des Moines 035,DM 35,0,14,1,4,5,4,0
0,Polk,Des Moines 036,DM 36,0,1,1,5,1,1,0
0,Polk,Des Moines 037,DM 37,0,7,1,3,0,0,0
0,Polk,Des Moines 038,DM 38,0,4,1,3,2,0,0
0,Polk,Des Moines 039,DM 39,1,2,2,2,1,2,1
0,Polk,Des Moines 040,DM 40,0,4,4,0,11,4,0
0,Polk,Des Moines 041,DM 41,1,2,9,3,1,0,0
0,Polk,Des Moines 042,DM 42,1,2,9,3,1,0,0
0,Polk,Des Moines 043,DM 43,0,0,3,0,0,0,0
0,Polk,Des Moines 044,DM 44,0,0,0,0,0,0,0
0,Polk,Des Moines 045,DM 45,3,11,4,7,5,2,0
0,Polk,Des Moines 046,DM 46,3,42,20,10,27,17,0
0,Polk,Des Moines 047,DM 47,1,31,10,21,19,10,0
0,Polk,Des Moines 048,DM 48,4,29,10,12,10,20,0
0,Polk,Des Moines 049,DM 49,5,39,25,10,17,22,0
0,Polk,Des Moines 050,DM 50,1,34,11,12,12,18,0
0,Polk,Des Moines 051,DM 51,3,31,12,6,21,9,1
0,Polk,Des Moines 052,DM 52,2,19,19,12,15,16,2
0,Polk,Des Moines 053,DM 53,4,15,12,9,18,3,0
0,Polk,Des Moines 054,DM 54,4,26,10,16,13,18,0
0,Polk,Des Moines 055,DM 55,2,14,4,8,2,6,0
0,Polk,Des Moines 056,DM 56,2,19,2,4,6,4,0
0,Polk,Des Moines 057,DM 57,0,3,0,0,4,0,0
0,Polk,Des Moines 058,DM 58,1,4,3,5,2,2,0
0,Polk,Des Moines 059,DM 59,1,15,3,13,10,14,2
0,Polk,Des Moines 060,DM 60,2,11,0,6,5,1,0
0,Polk,Des Moines 061,DM 61,0,6,1,1,10,3,1
0,Polk,Des Moines 062,DM 62,0,6,0,1,0,0,0
0,Polk,Des Moines 063,DM 63,0,8,2,5,1,0,0
0,Polk,Des Moines 064,DM 64,6,20,19,16,13,7,0
0,Polk,Des Moines 065,DM 65,2,11,6,7,7,1,0
0,Polk,Des Moines 066,DM 66,2,7,1,10,2,4,0
0,Polk,Des Moines 067,DM 67,11,23,28,16,17,2,0
0,Polk,Des Moines 068,DM 68,0,14,12,21,17,3,1
0,Polk,Des Moines 069,DM 69,7,26,29,18,17,10,0
0,Polk,Des Moines 070,DM 70,14,19,55,13,39,21,0
0,Polk,Des Moines 071,DM 71,21,29,40,7,35,16,1
0,Polk,Des Moines 072,DM 72,3,8,7,5,6,4,0
0,Polk,Des Moines 073,DM 73,24,18,56,13,51,29,0
0,Polk,Des Moines 074,DM 74,18,17,61,12,51,15,0
0,Polk,Des Moines 075,DM 75,4,41,18,11,34,10,0
0,Polk,Des Moines 076,DM 76,2,27,13,12,36,17,1
0,Polk,Des Moines 077,DM 77,1,8,0,2,2,8,1
0,Polk,Des Moines 078,DM 78,0,3,0,4,0,1,0
0,Polk,Des Moines 079,DM 79,0,27,4,6,8,9,1
0,Polk,Des Moines 080,DM 80,1,23,1,13,2,5,0
0,Polk,Des Moines 081,DM 81,1,21,3,5,3,8,0
0,Polk,Des Moines 082,DM 82,0,12,4,6,3,0,2
0,Polk,Des Moines 083,DM 83,0,17,1,5,1,5,1
0,Polk,Des Moines 084,DM 84,0,22,2,4,7,8,0
0,Polk,Des Moines 085,DM 85,3,10,7,5,8,5,0
0,Polk,Des Moines 086,DM 86,3,22,6,11,15,11,1
0,Polk,Des Moines 087,DM 87,1,43,19,19,18,15,1
0,Polk,Des Moines 088,DM 88,1,5,7,4,3,1,0
0,Polk,Des Moines 089,DM 89,0,23,7,5,15,9,0
0,Polk,Des Moines 090,DM 90,1,28,6,5,12,2,1
0,Polk,Des Moines 091,DM 91,0,23,3,4,6,11,3
0,Polk,Des Moines 092,DM 92,1,24,6,15,8,7,1
0,Polk,Des Moines 093,DM 93,2,25,8,2,9,18,0
0,Polk,Des Moines 094,DM 94,1,12,1,13,3,7,0
0,Polk,Des Moines 095,DM 95,0,26,1,10,6,1,0
0,Polk,Des Moines 096,DM 96,0,51,5,5,18,11,1
0,Polk,Des Moines 097,DM 97,11,43,49,4,52,40,2
0,Polk,Des Moines 098,DM 98,1,23,10,3,13,7,0
0,Polk,Des Moines 099,DM 99,4,26,6,17,15,8,1
0,Polk,Des Moines 100,DM 100,4,40,11,15,25,32,1
0,Polk,Des Moines 101,DM 101,0,10,1,3,5,3,3
0,Polk,Des Moines 102,DM 102,0,58,13,15,22,22,0
0,Polk,Douglas 1 (455),DOUGLAS,5,46,13,12,23,13,0
0,Polk,Elkhart 1 (461),ELKHART,3,52,5,13,26,10,0
0,Polk,Four Mile 1 (465),FOUR MI,6,99,11,13,32,42,8
0,Polk,Franklin 1 (471),FRANKLI,1,42,1,18,30,14,0
0,Polk,Grimes 1 (475),GRIMES1,9,72,14,12,31,29,0
0,Polk,Grimes 2 (476),GRIMES2,0,88,23,19,66,29,2
0,Polk,Jefferson 1 (481),JEFF 1,9,107,31,11,47,81,4
0,Polk,Johnston 1 (485),JOHN 1,25,127,66,20,102,61,4
0,Polk,Johnston 2 (486),JOHN 2,6,83,25,13,64,35,7
0,Polk,Johnston 3 (487),JOHN 3,28,219,104,33,208,26,14
0,Polk,Mitchellville 1 (491),MITCHEL,4,92,17,6,26,31,2
0,Polk,Pleasant Hill 1 (495),PH 1,2,64,24,15,31,21,0
0,Polk,Pleasant Hill 2 (496),PH 2,3,76,5,20,23,18,1
0,Polk,Pleasant Hill 3 (497),PH 3,5,52,15,12,19,30,1
0,Polk,Polk City 1 (501),POLK CI,3,90,28,16,24,34,1
0,Polk,Runnells 1 (505),RUNNELL,3,60,6,36,18,32,1
0,Polk,Saylor 1 (511),SAYLOR1,0,8,2,2,8,1,0
0,Polk,Saylor 2 (512),SAYLOR2,0,52,8,4,19,21,2
0,Polk,Saylor 3 (513),SAYLOR3,1,70,8,8,20,23,1
0,Polk,Sheldahl 1 Union Twp (515),SHELDAH,0,10,13,4,2,2,1
0,Polk,Urbandale 01 (521),URB 1,6,70,34,21,26,41,0
0,Polk,Urbandale 02 (522),URB 2,12,75,15,13,40,37,1
0,Polk,Urbandale 03 (523),URB 3,7,70,29,13,59,29,3
0,Polk,Urbandale 04 (524),URB 4,11,54,27,22,57,30,3
0,Polk,Urbandale 05 (525),URB 5,7,69,26,17,25,32,2
0,Polk,Urbandale 06 (526),URB 6,6,130,30,16,82,33,1
0,Polk,Urbandale 07 (527),URB 7,8,82,29,6,41,31,1
0,Polk,Urbandale 08 (528),URB 8,18,114,65,14,82,36,0
0,Polk,Urbandale 09 (529),URB 9,15,81,65,20,97,33,4
0,Polk,Urbandale 10 (530),URB 10,6,101,28,14,65,37,0
0,Polk,Urbandale 11 (531),URB 11,25,107,84,15,99,34,0
0,Polk,Washington 1 (535),WASH 1,0,7,3,2,2,11,0
0,Polk,Webster 1 (541),WB 1,0,11,4,3,7,3,0
0,Polk,West Des Moines 111 (546),WDM-111,7,33,19,8,21,13,0
0,Polk,West Des Moines 112 (547),WDM-112,8,33,10,6,18,18,2
0,Polk,West Des Moines 113 (548),WDM-113,2,20,5,5,17,16,1
0,Polk,West Des Moines 114 (549),WDM-114,15,55,59,16,74,25,1
0,Polk,West Des Moines 115 (550),WDM-115,13,59,34,11,61,24,0
0,Polk,West Des Moines 116 (551),WDM-116,4,42,0,21,21,11,0
0,Polk,West Des Moines 211 (552),WDM-211,11,53,43,20,63,20,1
0,Polk,West Des Moines 212 (553),WDM-212,9,65,45,17,97,20,1
0,Polk,West Des Moines 213 (554),WDM-213,12,45,61,20,77,20,1
0,Polk,West Des Moines 214 (555),WDM-214,15,54,55,12,81,37,4
0,Polk,West Des Moines 215 (556),WDM-215,8,33,27,9,52,16,0
0,Polk,West Des Moines 311 (557),WDM-311,13,52,34,15,99,12,1
0,Polk,West Des Moines 312 (558),WDM-312,5,78,35,14,59,26,0
0,Polk,West Des Moines 313 (559),WDM-313,24,58,73,31,96,44,0
0,Polk,West Des Moines 314 (560),WDM-314,40,105,88,19,170,25,0
0,Polk,West Des Moines 315 (561),WDM-315,4,46,45,8,93,15,0
0,Polk,West Des Moines 316 (562),WDM-316,10,74,31,13,66,26,0
0,Polk,Windsor Heights 1 (565),WHTS 1,10,45,29,16,23,18,0
0,Polk,Windsor Heights 2 (566),WHTS 2,12,30,41,12,38,21,2
0,Polk,Windsor Heights 3 (567),WHTS 3,6,40,21,22,13,11,2
0,Pottawattamie,Belknap/James,BN,4,13,13,5,19,6,1
0,Pottawattamie,Boomer/Rockford,BO,2,12,7,14,16,2,0
0,Pottawattamie,Carson,CA,8,4,9,0,13,6,0
0,Pottawattamie,Carter Lake,CL,9,18,9,2,13,11,5
0,Pottawattamie,Council Bluffs 01,1,5,7,1,8,4,2,0
0,Pottawattamie,Council Bluffs 02,2,0,15,5,14,22,7,0
0,Pottawattamie,Council Bluffs 03,3,2,15,3,8,12,8,0
0,Pottawattamie,Council Bluffs 04,4,3,10,0,8,4,2,0
0,Pottawattamie,Council Bluffs 05,5,2,6,0,8,1,6,0
0,Pottawattamie,Council Bluffs 06,6,8,20,4,11,28,12,0
0,Pottawattamie,Council Bluffs 07,7,2,19,9,14,34,11,2
0,Pottawattamie,Council Bluffs 08,8,5,25,26,11,54,12,0
0,Pottawattamie,Council Bluffs 09,9,9,16,17,3,43,10,0
0,Pottawattamie,Council Bluffs 10,10,8,46,32,19,73,22,0
0,Pottawattamie,Council Bluffs 11,11,2,10,6,13,24,11,0
0,Pottawattamie,Council Bluffs 12,12,6,20,19,13,33,15,1
0,Pottawattamie,Council Bluffs 13,13,2,12,6,3,13,5,1
0,Pottawattamie,Council Bluffs 14,14,4,5,2,8,8,12,0
0,Pottawattamie,Council Bluffs 15,15,1,11,2,6,0,1,0
0,Pottawattamie,Council Bluffs 16,16,0,5,2,5,4,1,0
0,Pottawattamie,Council Bluffs 17,17,7,11,15,3,26,17,2
0,Pottawattamie,Council Bluffs 18,18,0,10,2,3,12,5,0
0,Pottawattamie,Council Bluffs 19,19,6,8,7,9,16,9,1
0,Pottawattamie,Council Bluffs 20,20,4,8,8,5,22,2,0
0,Pottawattamie,Crescent,CR,2,11,8,3,39,1,0
0,Pottawattamie,Garner,GA,9,31,19,12,74,20,1
0,Pottawattamie,Grove,GR,1,4,2,2,5,0,0
0,Pottawattamie,Hardin,HA,7,11,15,3,26,17,1
0,Pottawattamie,Keg Creek Silver Creek,KC,11,27,12,4,43,13,0
0,Pottawattamie,Knox,KN,6,7,3,3,7,6,2
0,Pottawattamie,Lake,LK,3,11,10,9,8,5,0
0,Pottawattamie,Layton,LA,0,11,5,2,4,9,1
0,Pottawattamie,Lewis 1,L1,5,24,19,12,26,13,0
0,Pottawattamie,Lewis 2,L2,3,28,16,23,41,32,0
0,Pottawattamie,Lincoln/Wright/Center /Waveland,LI,3,8,3,2,6,7,0
0,Pottawattamie,Macedonia,MA,2,7,1,2,9,3,0
0,Pottawattamie,Minden Pleasant,MI,1,2,5,6,9,4,0
0,Pottawattamie,Neola,NE,0,3,11,3,9,4,0
0,Pottawattamie,Norwalk/Hazel Dell,NO,1,49,15,18,32,15,2
0,Pottawattamie,Valley,VA,1,4,1,3,6,2,0
0,Pottawattamie,Washington York,YO,0,7,3,0,16,9,0
0,Poweshiek,1st Ward,6,7,27,12,6,22,9,1
0,Poweshiek,2nd Ward,7,1,49,15,9,22,17,0
0,Poweshiek,3rd Ward,8,1,14,12,0,5,5,0
0,Poweshiek,4th Ward,9,4,31,8,4,18,4,0
0,Poweshiek,BMWJ,2,1,72,14,10,43,20,0
0,Poweshiek,CGWS,5,4,80,4,10,14,13,0
0,Poweshiek,DRL,3,3,5,5,12,6,8,0
0,Poweshiek,JUPS,10,2,33,22,4,18,33,1
0,Poweshiek,Montezuma,11,4,13,2,5,15,11,0
0,Poweshiek,MS,4,1,28,6,1,4,1,0
0,Ringgold,Athens,AT,0,7,1,0,4,3,0
0,Ringgold,Clinton,CL,0,5,0,2,5,0,0
0,Ringgold,Mt Ayr Ward 1,M1,0,19,2,6,10,4,2
0,Ringgold,Mt Ayr Ward 2,M2,0,22,0,3,4,15,0
0,Ringgold,Tingley,TG,0,8,4,1,1,0,0
0,Ringgold,Union,UN,2,8,9,2,8,3,0
0,Ringgold,Washington,WS,1,8,1,4,3,4,0
0,Sac,Auburn Pct 8,8,1,17,3,0,2,5,0
0,Sac,Early Pct 3,3,2,16,0,5,2,12,0
0,Sac,Lake View Pct 7,7,0,24,12,3,15,9,1
0,Sac,Lytton Pct 5,5,0,10,1,0,5,5,0
0,Sac,Nemaha Pct 2,2,0,15,3,0,15,11,0
0,Sac,Odeboldt Pct 6,6,0,25,7,4,12,30,0
0,Sac,Sac City Pct 4,4,3,34,20,18,17,8,1
0,Sac,Schaller Pct 1,1,0,17,0,3,11,12,0
0,Sac,Wall Lake Pct 9,9,0,7,6,1,8,9,1
0,Scott,Allens Grove,1,0,10,6,3,12,12,0
0,Scott,Bettendorf City B11,2,10,16,38,18,46,30,0
0,Scott,Bettendorf City B12,3,6,17,29,11,42,21,3
0,Scott,Bettendorf City B21,4,3,11,24,12,36,24,1
0,Scott,Bettendorf City B22,5,6,30,12,5,52,22,1
0,Scott,Bettendorf City B23,65,3,13,13,2,19,2,0
0,Scott,Bettendorf City B31,6,13,36,90,24,59,15,0
0,Scott,Bettendorf City B32,7,3,19,17,3,28,9,0
0,Scott,Bettendorf City B41,8,15,66,44,18,116,16,0
0,Scott,Bettendorf City B42,9,10,48,34,7,77,14,1
0,Scott,Bettendorf City B51,10,6,13,23,3,38,3,0
0,Scott,Bettendorf City B52,11,23,91,86,9,172,24,1
0,Scott,Blue Grass City,12,2,9,9,7,13,9,0
0,Scott,Blue Grass Twp,13,2,10,6,10,7,20,0
0,Scott,Buffalo City,14,0,10,1,0,5,4,0
0,Scott,Buffalo Twp,15,7,42,20,12,37,18,0
0,Scott,Butler Twp,16,3,52,22,6,46,15,1
0,Scott,Cleona Twp,17,1,5,2,1,5,0,0
0,Scott,Cody (Leclaire Twp),18,8,23,26,7,26,20,0
0,Scott,Davenport City D11,19,3,11,9,14,15,11,0
0,Scott,Davenport City D12,20,1,15,5,9,14,13,0
0,Scott,Davenport City D13,21,1,4,0,6,4,3,0
0,Scott,Davenport City D14,22,3,11,8,16,4,7,0
0,Scott,Davenport City D21,23,1,14,4,4,23,11,0
0,Scott,Davenport City D22,24,5,11,16,2,20,17,0
0,Scott,Davenport City D23,25,3,28,6,10,14,10,0
0,Scott,Davenport City D24,26,1,7,1,5,6,4,1
0,Scott,Davenport City D31,27,0,7,0,11,4,0,0
0,Scott,Davenport City D32,28,1,1,3,5,8,1,0
0,Scott,Davenport City D33,29,0,3,3,5,4,1,0
0,Scott,Davenport City D34,30,0,0,0,1,2,3,0
0,Scott,Davenport City D41,31,0,23,11,4,13,11,1
0,Scott,Davenport City D42,32,1,13,7,10,27,10,2
0,Scott,Davenport City D43,33,3,13,16,8,22,7,0
0,Scott,Davenport City D44,34,1,23,9,11,11,9,3
0,Scott,Davenport City D51,35,4,9,8,7,11,9,0
0,Scott,Davenport City D52,36,0,8,5,8,2,6,0
0,Scott,Davenport City D53,37,3,15,17,14,21,5,0
0,Scott,Davenport City D54,38,2,12,13,8,18,11,0
0,Scott,Davenport City D61,39,24,21,39,20,53,24,2
0,Scott,Davenport City D62,40,15,40,49,13,44,22,0
0,Scott,Davenport City D63,41,21,61,54,13,77,22,0
0,Scott,Davenport City D64,42,9,28,46,15,63,21,1
0,Scott,Davenport City D71,44,6,18,19,4,35,8,0
0,Scott,Davenport City D72,45,2,14,9,13,21,22,0
0,Scott,Davenport City D73,46,1,32,5,8,31,5,0
0,Scott,Davenport City D74,47,5,18,23,7,15,10,1
0,Scott,Davenport City D81,48,1,36,22,4,31,11,0
0,Scott,Davenport City D82,49,2,10,5,9,28,16,0
0,Scott,Davenport City D83,50,0,19,13,3,34,8,0
0,Scott,Davenport City D84,51,4,13,8,1,24,11,0
0,Scott,Eldridge City 1,52,3,40,14,9,15,6,0
0,Scott,Eldridge City 2,64,6,53,29,2,35,15,1
0,Scott,Hickory Grove,53,1,7,3,0,20,12,0
0,Scott,Leclaire City,54,10,35,22,26,27,16,1
0,Scott,Liberty,55,0,2,3,2,12,7,0
0,Scott,Lincoln,56,0,12,6,2,12,4,0
0,Scott,Pleasant Valley,57,3,12,15,1,23,15,0
0,Scott,Princeton,58,3,6,2,2,22,11,1
0,Scott,Riverdale,59,6,9,8,1,6,0,0
0,Scott,Sheridan,60,4,15,8,9,25,14,0
0,Scott,Walcott,61,0,24,9,2,10,5,0
0,Scott,Winfield,62,1,11,6,2,13,4,1
0,Shelby,CASS-CENTER-JACKSON-LINCOLN,2,0,35,9,5,26,9,10
0,Shelby,CLAY-MONROE,3,0,22,3,0,7,6,4
0,Shelby,DOUGLAS-GREELEY-JEFFERSON-POLK,4,0,28,1,3,3,6,3
0,Shelby,FAIRVIEW-SHELBY,5,2,10,1,6,1,7,0
0,Shelby,GROVE-UNION-WASHINGTON-WESTPHALIA,6,1,15,2,10,7,7,0
0,Shelby,HARLAN - WARD 1,7,0,14,5,2,9,2,1
0,Shelby,HARLAN - WARD 2,8,3,34,15,1,8,11,0
0,Shelby,HARLAN - WARD 3,9,1,22,5,1,18,4,0
0,Shelby,HARLAN - WARD 4,10,1,19,3,5,9,4,0
0,Sioux,Alton Nassau,AT,1,43,9,6,25,5,0
0,Sioux,Capel Sheridan,CP,0,62,2,3,14,11,1
0,Sioux,Eagle Center,EG,0,14,10,1,7,7,0
0,Sioux,East Orange,EO,0,5,0,0,7,2,0
0,Sioux,Floyd Lynn,FL,0,78,7,3,12,12,1
0,Sioux,Grant,GT,0,9,0,3,0,5,0
0,Sioux,Hawarden Buncombe Logan Washington,HW,1,53,18,4,21,15,1
0,Sioux,Holland West Branch S 1/2,HD,5,36,15,4,9,8,0
0,Sioux,Lincoln,LN,3,97,22,22,16,18,1
0,Sioux,Orange City 1,OC1,4,161,50,14,16,10,3
0,Sioux,Orange City 2,OC2,5,137,61,9,38,16,0
0,Sioux,Plato Garfield Settlers Sioux S 1/2,PL,0,29,8,5,21,13,0
0,Sioux,Reading,RD,0,19,7,2,7,7,0
0,Sioux,Rock Sioux N 1/2,RK,0,37,1,4,10,10,0
0,Sioux,Rock Valley,RV,3,93,17,25,13,18,4
0,Sioux,Sherman,SM,0,21,8,3,4,8,0
0,Sioux,Sioux Center 1 West Branch N 1/2,SC1,1,144,61,14,47,27,1
0,Sioux,Sioux Center 2,SC2,1,78,40,14,27,14,0
0,Sioux,Welcome,WC,2,31,10,1,13,7,0
0,Story,Ames11,1,7,74,14,30,39,20,1
0,Story,Ames12,2,2,31,3,17,21,9,1
0,Story,Ames13,3,1,53,7,16,15,6,1
0,Story,Ames14,4,3,29,10,25,17,9,1
0,Story,Ames15,5,2,53,34,14,59,24,2
0,Story,Ames21,6,1,78,16,13,31,12,0
0,Story,Ames22,7,1,10,7,14,4,3,1
0,Story,Ames23,8,8,24,9,13,32,13,1
0,Story,Ames24,9,13,126,64,23,97,32,1
0,Story,Ames25,10,16,88,53,24,89,16,0
0,Story,Ames31,11,2,80,24,28,52,27,1
0,Story,Ames32,12,3,10,4,19,8,0,0
0,Story,Ames33,13,0,7,1,13,1,3,0
0,Story,Ames34,14,1,49,8,21,13,4,0
0,Story,Ames35,15,14,39,37,15,63,16,1
0,Story,Ames41,16,10,56,23,22,51,26,2
0,Story,Ames42,17,7,53,10,25,33,14,1
0,Story,Ames43,18,0,19,9,29,2,2,0
0,Story,Ames44,19,0,2,0,4,0,1,0
0,Story,Ames45,20,1,2,0,3,1,0,0
0,Story,Cambridge/Union Twp,41,0,30,7,7,17,15,2
0,Story,Collins/Collins Twp,21,0,30,6,9,9,13,1
0,Story,Colo/New Albany Twp,35,0,12,3,5,12,20,0
0,Story,Gilbert/Franklin Twp,22,6,147,29,23,70,40,1
0,Story,Grant Twp,23,4,19,2,12,5,8,0
0,Story,Huxley/Palestine 1 Twp,36,4,113,21,21,31,30,1
0,Story,Kelley,26,0,13,0,4,6,1,0
0,Story,Maxwell/Indian Creek Twp,25,1,28,6,7,19,16,0
0,Story,Mccallsburg/Warren Twp,42,0,35,0,2,6,4,1
0,Story,Milford Twp,29,1,24,7,12,11,9,0
0,Story,Nevada 1,30,3,20,7,6,9,1,0
0,Story,Nevada 2,31,2,44,9,3,14,2,1
0,Story,Nevada 3,32,3,21,11,5,19,5,3
0,Story,Nevada 4,33,3,33,14,9,24,5,0
0,Story,Nevada Twp,34,2,15,10,5,19,4,0
0,Story,Richland Twp,38,1,11,2,1,11,4,0
0,Story,Roland/Howard Twp,24,2,64,8,25,25,25,0
0,Story,Sherman Twp,39,0,2,1,1,3,6,0
0,Story,Slater/Sheldahl/Palestine 2twp,37,1,55,6,13,35,8,0
0,Story,Story City 1,40,4,83,8,3,27,12,0
0,Story,Story City 2/Lafayette Twp,27,4,111,12,5,36,16,0
0,Story,Washington 1 Twp,43,2,24,6,11,17,8,0
0,Story,Zearing/Lincoln Twp,28,0,31,2,4,16,3,1
0,Tama,Carlton,CT,7,17,6,1,8,8,2
0,Tama,Carroll Oneida,CR/ON,1,8,1,0,2,7,0
0,Tama,Clark Geneseo,CK/GE,0,33,8,2,36,16,0
0,Tama,Columbia,CB,0,3,0,1,2,0,0
0,Tama,Grant,GR,0,2,0,0,0,4,1
0,Tama,Highland Indian Village,HL/IV,1,28,2,1,2,6,0
0,Tama,Indian Settlement,IS,0,2,0,0,0,0,0
0,Tama,Lincoln,LI,0,5,0,4,7,4,0
0,Tama,Perry E Crystal Buckingham,PY/CY/B,2,26,20,12,25,24,6
0,Tama,Richland Salt Creek,RL/ST,2,7,1,3,3,5,0
0,Tama,Spring Creek West Crystal,SP/WC,0,24,21,9,28,17,0
0,Tama,Tama Otter Creek Part Toledo,TM/OC,6,33,8,2,25,22,1
0,Tama,Toledo 1 Toledo Howard,TL1,0,42,2,8,9,10,0
0,Tama,Toledo 2,TL2,0,14,1,0,4,1,1
0,Tama,Toledo 3,TL3,1,11,6,2,5,4,0
0,Tama,York,YK,0,3,0,3,2,9,0
0,Taylor,Bedford Pct 1,BE1,0,6,2,5,5,8,0
0,Taylor,Bedford Pct 2,BE2,0,2,1,0,1,3,0
0,Taylor,Bedford Pct 3 & S Townships,BE3,0,16,0,0,6,11,0
0,Taylor,Blockton Jefferson Gay Athelstan,BK,0,5,0,0,6,2,0
0,Taylor,Clearfield Grant,CF,0,4,4,0,2,0,0
0,Taylor,Lenox Shpsbg Guss & Townships,PT,0,18,2,2,14,6,0
0,Taylor,New Market N Polk Mason S Dallas,NM,0,1,5,6,4,1,0
0,Taylor,Wash S Marshall Gravity Conway,WS,3,4,0,1,7,2,0
0,Union,Afton,AF,2,11,7,10,5,9,0
0,Union,Arispe,AR,2,11,8,3,12,4,0
0,Union,Creston Pct 1,CS1,1,8,8,7,10,0,0
0,Union,Creston Pct 2,CS2,4,49,11,6,27,14,0
0,Union,Creston Pct 3,CS3,0,16,6,4,14,4,0
0,Union,Creston Pct 4,CS4,1,17,4,0,2,5,0
0,Union,Creston Pct 5,CS5,4,32,7,12,13,8,0
0,Union,Lorimor,LR,0,12,4,5,0,4,0
0,Union,Platte,PT,0,2,1,0,2,5,0
0,Van Buren,Birmingham Pct,BI,0,16,3,10,7,4,1
0,Van Buren,Bonaparte Pct,BO,0,20,5,16,2,8,1
0,Van Buren,Cantril Pct,CN,2,2,1,2,2,1,1
0,Van Buren,Douds Pct,DO,0,7,2,4,11,5,0
0,Van Buren,Farmington Pct,FM,2,29,5,4,7,1,0
0,Van Buren,Keosauqua Pct,KE,3,26,9,18,19,10,1
0,Van Buren,Milton Pct,ML,0,3,4,8,3,1,0
0,Van Buren,Stockport Pct,SP,0,5,3,2,4,2,0
0,Wapello,Adams Twp; Blakesurg City; Po,AD,0,24,1,4,8,9,0
0,Wapello,Agency City; Twp; Pleasant Twp,AG,0,30,2,7,3,0,0
0,Wapello,Cass Township,CS,0,3,0,3,3,0,0
0,Wapello,Center Township,CN,3,32,2,6,10,2,0
0,Wapello,Columbia Township,CB,0,8,0,0,0,0,0
0,Wapello,Dahlonega Township,DA,1,19,3,2,7,2,0
0,Wapello,Green Township,GR,0,31,0,1,0,2,1
0,Wapello,Highland Twp; Competine Twp,HI,0,22,2,2,1,2,0
0,Wapello,Keokuk Township,KE,0,16,2,5,3,1,0
0,Wapello,Ottumwa 1,OT01,2,32,1,4,8,4,0
0,Wapello,Ottumwa 10,OT10,3,36,0,3,7,4,0
0,Wapello,Ottumwa 2,OT02,4,57,9,10,30,8,0
0,Wapello,Ottumwa 3,OT03,1,59,9,8,42,10,0
0,Wapello,Ottumwa 4,OT04,2,17,3,6,2,0,0
0,Wapello,Ottumwa 5,OT05,2,20,2,6,5,6,0
0,Wapello,Ottumwa 6,OT06,0,33,2,2,6,1,0
0,Wapello,Ottumwa 7,OT07,0,22,0,1,1,1,1
0,Wapello,Ottumwa 8,OT08,0,33,4,9,8,0,0
0,Wapello,Ottumwa 9,OT09,2,46,2,9,11,4,0
0,Wapello,Richland Township,RL,2,12,0,1,2,4,0
0,Wapello,Washington Township,WA,0,16,0,7,0,1,0
0,Warren,Allen 1,AL1,1,56,14,9,19,16,1
0,Warren,Allen 2,AL2,0,37,10,15,21,22,2
0,Warren,Belmont,BM,0,53,6,5,12,19,0
0,Warren,Greenfield 1,GR1,4,47,5,17,16,15,2
0,Warren,Greenfield 2,GR2,1,27,6,9,23,12,4
0,Warren,Indianola 1,IN1,4,84,16,15,40,16,1
0,Warren,Indianola 2,IN2,15,85,17,13,44,59,3
0,Warren,Indianola 3,IN3,5,81,14,7,33,26,0
0,Warren,Indianola 4,IN4,1,76,15,14,25,11,0
0,Warren,Jackson,JK,0,35,5,4,7,6,0
0,Warren,Jefferson,JF,2,49,8,8,24,28,1
0,Warren,Liberty,LB,0,3,1,4,1,14,0
0,Warren,Lincoln,LC,5,94,10,34,31,17,5
0,Warren,Linn,LN,1,52,7,9,23,14,0
0,Warren,Norwalk 1,NW1,2,63,20,14,41,24,1
0,Warren,Norwalk 2,NW2,5,84,40,12,51,28,0
0,Warren,Norwalk 3,NW3,4,52,9,7,21,23,0
0,Warren,Otter,OT,4,27,3,3,8,7,0
0,Warren,Palmyra,PM,1,27,6,9,2,12,0
0,Warren,Richland,RL,0,24,2,3,7,8,0
0,Warren,Squaw,SQ,1,24,2,3,2,16,0
0,Warren,Union,UN,1,18,0,3,4,6,0
0,Warren,Virginia,VA,1,35,1,13,11,8,2
0,Warren,White Breast,WB,1,17,4,2,3,3,1
0,Warren,White Oak,WO,1,34,11,9,9,15,0
0,Washington,Ainsworth Precinct,P10,1,44,9,27,15,22,0
0,Washington,Brighton Precinct,P9,3,19,6,10,9,11,0
0,Washington,English River Precinct,P2,2,42,5,12,8,20,1
0,Washington,Kalona Precinct,P3,17,27,6,11,13,7,0
0,Washington,Riverside Precinct,P4,0,16,7,1,18,10,2
0,Washington,Washington Ward 1 Precinct,P5,2,28,9,3,26,21,0
0,Washington,Washington Ward 2 Precinct,P6,0,2,2,13,8,10,1
0,Washington,Washington Ward 3 Precinct,P8,4,22,13,11,28,11,1
0,Washington,Washington Ward 4 Precinct,P7,0,39,7,15,21,13,0
0,Washington,Wellman Precinct,P1,4,46,4,12,33,20,0
0,Wayne,All,ALL,1,160,22,19,31,24,1
0,Webster,Badger-North Cooper Township,BD/NC,0,37,2,4,10,16,0
0,Webster,Clay-Roland Township,CR,3,19,5,2,1,3,0
0,Webster,Colfax-Duncombe Township,CD,0,5,1,3,1,1,0
0,Webster,Dayton-Burnside Township,DA/BU,1,18,6,2,2,8,0
0,Webster,Deer Creek-Jackson Township,DJ,1,18,7,2,10,7,0
0,Webster,Douglas Township,DO,0,13,10,1,14,11,1
0,Webster,Elkhorn Township,EL,0,15,2,4,0,1,0
0,Webster,Fd #01,1,10,61,29,8,35,17,1
0,Webster,Fd #02,2,13,31,13,4,33,7,0
0,Webster,Fd #03,3,5,19,13,0,17,10,0
0,Webster,Fd #04,4,0,4,1,0,3,0,0
0,Webster,Fd #05,5,4,16,11,3,11,10,0
0,Webster,Fd #06,6,0,8,2,1,3,1,0
0,Webster,Fd #07,7,0,8,3,1,1,2,0
0,Webster,Fd #08,8,0,12,3,5,6,4,0
0,Webster,Fd #09,9,1,3,3,1,5,2,1
0,Webster,Fd #10,10,2,32,15,11,21,6,0
0,Webster,Fd #11,11,5,32,26,6,43,22,2
0,Webster,Fd #12,12,1,17,12,1,21,5,1
0,Webster,Fulton Township,FU,2,4,1,2,7,7,0
0,Webster,Gowrie Township,GO,4,20,1,1,14,6,0
0,Webster,Johnson Township,JO,1,4,1,0,0,6,1
0,Webster,Lost Grove Township,LG,1,10,3,0,0,1,0
0,Webster,Newark Township,NE,0,3,1,0,0,13,0
0,Webster,Northeast Douglas Township,ND,0,8,3,2,5,4,0
0,Webster,Otho Township,OT,1,12,0,7,0,0,0
0,Webster,Pleasant Valley-Washington Township,PV/WA,1,12,2,3,3,11,0
0,Webster,South Cooper Township,SC,0,5,0,0,0,0,0
0,Webster,Sumner-Webster-Yell-Hardin Township,SWYH,0,7,2,1,3,7,1
0,Winnebago,Buffalo Grant Precinct,BUGR,0,35,1,0,9,8,0
0,Winnebago,Center Precinct,CELM,1,35,17,5,16,19,0
0,Winnebago,Eden Logan Norway Precinct,EDLONO,0,25,4,4,7,8,0
0,Winnebago,FC3 Forest D3 Precinct,FC3D3,0,27,3,2,8,3,0
0,Winnebago,Forest City Ward 1 Precinct,FC 1,0,16,8,4,11,3,1
0,Winnebago,Forest City Ward 2 Precinct,FC 2,1,29,4,2,8,0,1
0,Winnebago,Forest City Ward 4 Precinct,FC 4,0,21,13,3,8,8,0
0,Winnebago,King Linden Precinct,KILI,3,14,8,1,4,6,1
0,Winnebago,Lincoln Precinct,LCRA,1,3,2,0,1,5,0
0,Winnebago,Mt. Valley Forest D2 Precinct,MVFOD2,0,17,4,7,2,5,1
0,Winnebago,Newton Forest D1 Precinct,NEFOD1,2,23,5,12,6,3,0
0,Winneshiek,Bloomfield (CS) Frankville Glenwood,7,0,7,3,7,22,15,1
0,Winneshiek,Bluffton Burr Oak Canoe Hesper Highland Pleasant,1,1,16,15,2,16,7,0
0,Winneshiek,Calmar Twp (CA) (SP),4,1,9,4,14,12,5,0
0,Winneshiek,Decorah 1st Ward,9,1,3,5,1,9,10,0
0,Winneshiek,Decorah 2nd Ward,10,0,11,7,10,12,5,0
0,Winneshiek,Decorah 3A Ward,11,0,0,0,0,0,0,0
0,Winneshiek,Decorah 3B Ward,12,4,18,9,5,19,6,0
0,Winneshiek,Decorah 4th Ward,13,4,13,18,3,27,4,0
0,Winneshiek,Decorah 5th Ward,14,1,9,23,5,38,12,0
0,Winneshiek,Decorah Twp; Springfield,8,2,5,11,4,22,3,0
0,Winneshiek,Fremont Lincoln (RI) Orleans Sumner,2,0,10,8,2,5,5,1
0,Winneshiek,Jackson Washington (JJ) (FA),5,0,2,0,9,5,5,0
0,Winneshiek,Madison,3,0,15,3,3,8,2,0
0,Winneshiek,Military (OS),6,1,4,2,4,6,12,0
0,Woodbury,01 Sioux City,1,4,36,26,16,67,20,1
0,Woodbury,02 Sioux City,2,0,7,4,3,2,5,0
0,Woodbury,03 Sioux City,3,1,26,5,3,24,13,0
0,Woodbury,04 Sioux City,4,1,4,0,5,7,8,1
0,Woodbury,05 Sioux City,5,0,11,0,1,7,4,0
0,Woodbury,06 Sioux City,6,3,35,9,9,40,15,0
0,Woodbury,07 Sioux City,7,2,18,5,0,22,13,0
0,Woodbury,08 Sioux City,8,2,1,1,2,3,9,0
0,Woodbury,09 Sioux City,9,2,19,21,17,50,24,3
0,Woodbury,10 Sioux City,10,19,36,44,11,129,23,0
0,Woodbury,11 Sioux City,11,0,0,0,4,6,2,0
0,Woodbury,12 Sioux City,12,4,2,0,1,1,3,0
0,Woodbury,13 Sioux City,13,0,7,0,11,11,1,0
0,Woodbury,14 Sioux City,14,1,10,3,4,12,4,0
0,Woodbury,15 Sioux City,15,2,9,1,1,11,2,0
0,Woodbury,16 Sioux City,16,6,14,9,5,27,8,1
0,Woodbury,17 Sioux City,17,7,26,22,4,66,18,0
0,Woodbury,18 Sioux City,18,2,14,5,4,17,7,0
0,Woodbury,19 Sioux City,19,5,50,16,3,49,24,0
0,Woodbury,20 Sioux City,20,12,57,35,5,120,28,1
0,Woodbury,21 Sioux City,21,1,33,7,1,34,13,0
0,Woodbury,22 Sioux City,22,0,20,15,11,38,18,0
0,Woodbury,23 Sioux City,23,4,17,5,7,24,13,1
0,Woodbury,24 Sioux City,24,1,21,8,9,28,17,0
0,Woodbury,25 Sioux City,25,2,14,11,7,48,14,0
0,Woodbury,26 Sioux City,26,8,52,35,18,131,26,2
0,Woodbury,27 Sioux City,27,2,33,7,12,31,23,2
0,Woodbury,28 Sioux City,28,0,6,4,1,2,1,0
0,Woodbury,29 Woodbury,29,0,35,17,5,39,23,0
0,Woodbury,30 Sloan (City),30,9,3,4,5,26,4,0
0,Woodbury,31 Willow,31,0,4,3,11,6,10,0
0,Woodbury,32 Oto (City),32,0,1,1,0,0,0,0
0,Woodbury,33 Rutland,33,0,9,7,4,11,4,0
0,Woodbury,34 Sergeant Bluff (City),34,0,38,15,10,47,23,0
0,Woodbury,35 Arl/Mov/Wol,35,1,29,8,10,51,33,3
0,Woodbury,36 Ban/Con,36,0,26,23,21,38,38,2
0,Woodbury,37 Floyd,37,0,8,2,3,11,14,0
0,Woodbury,38 Grg/Lib/Lak,38,0,14,7,2,20,7,0
0,Woodbury,39 Grt/Wes,39,0,4,4,2,11,9,0
0,Woodbury,40 Union,40,1,12,16,3,11,21,0
0,Woodbury,41 Lis/Mor,41,0,1,1,5,10,5,0
0,Woodbury,42 Little Sioux,42,0,1,5,11,4,3,0
0,Woodbury,43 Ked/Mil,43,1,14,7,7,14,12,0
0,Woodbury,44 Rock,44,0,3,4,1,3,5,0
0,Worth,Brookfield,W23,0,3,1,2,3,1,0
0,Worth,Fertile,W26,1,17,3,2,9,3,0
0,Worth,Grafton Union Barton,W11,0,13,3,0,0,2,0
0,Worth,Hanlontown Danville,W25,0,2,1,0,2,4,0
0,Worth,Joice Bristol,W22,0,11,4,0,0,1,0
0,Worth,Kensett,W24,0,3,4,2,0,4,0
0,Worth,Manly Lincoln Danville,W12,0,11,7,0,7,5,0
0,Worth,Northwood Hartland Grove Deer Creek,W31,0,9,16,1,14,7,1
0,Worth,Silver Lake,W21,0,0,0,0,0,0,0
0,Wright,Belmond,BM,1,51,5,16,17,2,0
0,Wright,Blaine Vernon,BL/VN,0,18,2,6,8,10,2
0,Wright,Boone Liberty,BO,0,21,3,0,13,7,0
0,Wright,Clarion,CL,2,52,5,12,26,17,0
0,Wright,Dayton Lake Grant Lincoln,DY,0,34,4,7,15,12,0
0,Wright,Eagle Grove Pct 1,EG1,0,6,0,2,0,1,1
0,Wright,Eagle Grove Pct 2,EG2,1,2,4,0,2,4,0
0,Wright,Eagle Grove Pct 3,EG3,0,23,3,5,5,2,0
0,Wright,Eagle Grove Pct 4,EG4,0,11,3,1,9,3,0
0,Wright,Eagle Grove Troy,EGT,1,11,0,1,12,7,0
0,Wright,Iowa,IA,0,12,0,3,2,0,0
0,Wright,Woolstock Wall Lake,WS,0,2,0,1,3,7,0
