IS_AUDITED,COUNTY_NAME,PRECINCT_NAME,PRECINCT_CODE,USA_NE_20161108_GEN_PRE_REP_TRUMP,USA_NE_20161108_GEN_PRE_DEM_CLINTON,USA_NE_20161108_GEN_PRE_LIB_JOHNSON,USA_NE_20161108_GEN_PRE_GRE_STEIN
0,_001,_1A,_1A,491,180,53,12
0,_001,_1B,_1B,378,145,32,16
0,_001,_1C,_1C,315,188,21,1
0,_001,_2A,_2A,212,53,20,0
0,_001,_2B,_2B,444,167,31,2
0,_001,_2C,_2C,379,140,16,5
0,_001,_2D,_2D,595,236,49,7
0,_001,_2E,_2E,441,168,27,8
0,_001,_3A,_3A,368,190,32,10
0,_001,_3B,_3B,324,211,21,2
0,_001,_3C,_3C,416,194,37,14
0,_001,_3D,_3D,81,42,0,0
0,_001,_3E,_3E,714,233,44,3
0,_001,_4A,_4A,287,182,22,2
0,_001,_4B,_4B,293,177,24,7
0,_001,_4C,_4C,169,113,24,3
0,_001,_4D,_4D,574,246,26,7
0,_001,_4E,_4E,127,34,6,0
0,_001,_Ayr,_Ayr,271,41,10,0
0,_001,_Blaine,_Blaine,60,4,2,1
0,_001,_Denver,_Denver,491,102,23,2
0,_001,_Highland_West_Blue,_Highland_West_Blue,299,38,5,0
0,_001,_Holstein,_Holstein,158,25,7,1
0,_001,_Juniata Precinct,_Juniata Precinct,388,71,17,3
0,_001,_Kenesaw,_Kenesaw,535,62,23,3
0,_001,_Pauline,_Pauline,135,23,10,1
0,_001,_Roseland,_Roseland,221,18,7,1
0,_001,_Verona,_Verona,121,19,5,0
0,_003,_Brunswick Precinct,_Brunswick Precinct,284,24,23,0
0,_003,_Clearwater Precinct,_Clearwater Precinct,370,26,7,1
0,_003,_Elgin 1st Ward,_Elgin 1st Ward,128,22,8,1
0,_003,_Elgin 2nd Ward,_Elgin 2nd Ward,151,26,7,3
0,_003,_Elgin Precinct,_Elgin Precinct,198,24,2,1
0,_003,_Neligh City 1st Ward,_Neligh City 1st Ward,349,61,18,1
0,_003,_Neligh City 2nd Ward,_Neligh City 2nd Ward,236,46,5,2
0,_003,_Neligh Precinct,_Neligh Precinct,212,30,6,1
0,_003,_Oakdale Precinct,_Oakdale Precinct,216,30,12,5
0,_003,_Orchard Precinct,_Orchard Precinct,253,32,6,2
0,_003,_Royal Precinct,_Royal Precinct,117,15,1,0
0,_003,_Tilden 1st Ward,_Tilden 1st Ward,104,25,2,0
0,_003,_Tilden Precinct,_Tilden Precinct,114,22,8,2
0,_005,_Arthur Precinct,_Arthur Precinct,244,17,11,0
0,_007,_Long Springs Precinct,_Long Springs Precinct,357,19,14,3
0,_009,_Blaine Precinct,_Blaine Precinct,276,30,10,0
0,_011,_Beaver Precinct,_Beaver Precinct,306,41,15,0
0,_011,_Boone Precinct,_Boone Precinct,143,9,6,0
0,_011,_Ceder Precinct,_Ceder Precinct,261,94,21,6
0,_011,_Dublin-Bonanza Precinct,_Dublin-Bonanza Precinct,95,37,8,1
0,_011,_North Branch-Shell Creek Precinct,_North Branch-Shell Creek Precinct,85,17,3,0
0,_011,_North Manchester Precinct,_North Manchester Precinct,308,43,20,3
0,_011,_Oakland Precinct,_Oakland Precinct,374,62,23,4
0,_011,_Southeast Manchester Precinct,_Southeast Manchester Precinct,369,61,20,2
0,_011,_Southwest Manchester Precinct,_Southwest Manchester Precinct,358,50,21,1
0,_013,_Voting Precinct 1,_Voting Precinct 1,330,133,39,7
0,_013,_Voting Precinct 11,_Voting Precinct 11,262,23,10,2
0,_013,_Voting Precinct 12,_Voting Precinct 12,290,21,7,3
0,_013,_Voting Precinct 15,_Voting Precinct 15,671,109,32,0
0,_013,_Voting Precinct 2,_Voting Precinct 2,365,137,37,9
0,_013,_Voting Precinct 3,_Voting Precinct 3,309,122,36,1
0,_013,_Voting Precinct 4,_Voting Precinct 4,445,132,23,6
0,_013,_Voting Precinct 5,_Voting Precinct 5,500,136,21,7
0,_013,_Voting Precinct 6,_Voting Precinct 6,445,152,25,1
0,_015,_Basin - McCulley - Butte Precinct,_Basin - McCulley - Butte Precinct,405,40,11,6
0,_015,_Bristow - Mullen - Lynch - Bush Precinct,_Bristow - Mullen - Lynch - Bush Precinct,207,33,4,3
0,_015,_Spencer - Morton Precinct,_Spencer - Morton Precinct,371,55,8,4
0,_017,_Ainsworth Precinct,_Ainsworth Precinct,434,38,6,2
0,_017,_City of Ainsworth Precinct,_City of Ainsworth Precinct,671,83,22,4
0,_017,_Pines Precinct,_Pines Precinct,280,32,11,1
0,_019,_Precinct 1,_Precinct 1,675,217,39,9
0,_019,_Precinct 10,_Precinct 10,776,326,95,28
0,_019,_Precinct 11,_Precinct 11,332,173,37,7
0,_019,_Precinct 12,_Precinct 12,395,258,49,26
0,_019,_Precinct 13,_Precinct 13,905,276,83,16
0,_019,_Precinct 14,_Precinct 14,726,306,75,18
0,_019,_Precinct 15,_Precinct 15,249,21,8,3
0,_019,_Precinct 16,_Precinct 16,411,74,25,3
0,_019,_Precinct 17,_Precinct 17,195,33,10,2
0,_019,_Precinct 18,_Precinct 18,426,136,47,10
0,_019,_Precinct 19,_Precinct 19,455,63,20,4
0,_019,_Precinct 2,_Precinct 2,440,204,40,7
0,_019,_Precinct 20,_Precinct 20,779,167,60,6
0,_019,_Precinct 21,_Precinct 21,401,71,25,2
0,_019,_Precinct 22,_Precinct 22,207,55,21,1
0,_019,_Precinct 23,_Precinct 23,249,77,8,4
0,_019,_Precinct 24,_Precinct 24,509,141,43,2
0,_019,_Precinct 25,_Precinct 25,491,86,32,8
0,_019,_Precinct 26,_Precinct 26,536,112,19,5
0,_019,_Precinct 27,_Precinct 27,211,83,19,1
0,_019,_Precinct 28,_Precinct 28,438,68,20,6
0,_019,_Precinct 29,_Precinct 29,413,61,20,3
0,_019,_Precinct 3,_Precinct 3,664,259,59,8
0,_019,_Precinct 4,_Precinct 4,943,325,46,8
0,_019,_Precinct 5,_Precinct 5,461,196,45,2
0,_019,_Precinct 6,_Precinct 6,869,294,57,8
0,_019,_Precinct 8,_Precinct 8,359,123,43,5
0,_019,_Precinct 9,_Precinct 9,493,261,64,12
0,_019,_Precint 7,_Precint 7,561,297,65,13
0,_021,_Arizona-Riverside,_Arizona-Riverside,123,58,13,3
0,_021,_BellCreek-Oakland-Pershing Precinct,_BellCreek-Oakland-Pershing Precinct,230,39,9,5
0,_021,_Craig Precinct,_Craig Precinct,178,51,20,3
0,_021,_Decatur-Quinbaugh Precinct,_Decatur-Quinbaugh Precinct,213,146,22,2
0,_021,_Everett-Logan Precinct,_Everett-Logan Precinct,153,39,9,1
0,_021,_Lyons Precinct,_Lyons Precinct,277,110,13,6
0,_021,_Oakland City 1,_Oakland City 1,242,85,10,2
0,_021,_Oakland City 2,_Oakland City 2,235,69,25,5
0,_021,_Silver Creek-Summit Precinct,_Silver Creek-Summit Precinct,200,66,11,7
0,_021,_Tekamah 1,_Tekamah 1,268,140,24,3
0,_021,_Tekamah 2,_Tekamah 2,248,127,41,2
0,_023,_David City Ward 1,_David City Ward 1,247,61,8,1
0,_023,_David City Ward 2,_David City Ward 2,282,85,15,5
0,_023,_David City Ward 3,_David City Ward 3,340,81,21,3
0,_023,_Franklin-Bone Creek Precinct,_Franklin-Bone Creek Precinct,229,43,6,0
0,_023,_Linwood-Skull Creek - Platte Precinct,_Linwood-Skull Creek - Platte Precinct,267,67,12,3
0,_023,_Oak Creek-Center Precinct,_Oak Creek-Center Precinct,308,80,11,2
0,_023,_Plum Creek-Richardson Precinct,_Plum Creek-Richardson Precinct,260,62,7,2
0,_023,_Read-Ulysses Precinct,_Read-Ulysses Precinct,206,39,11,1
0,_023,_Savannah-Alexis Precinct,_Savannah-Alexis Precinct,460,85,28,6
0,_023,_Summit-Reading Precinct,_Summit-Reading Precinct,264,60,8,1
0,_023,_Union-Olive Precinct,_Union-Olive Precinct,216,28,2,3
0,_025,_Avoca Precinct,_Avoca Precinct,165,66,18,2
0,_025,_Center Precinct,_Center Precinct,199,71,18,1
0,_025,_East Louisville Precinct,_East Louisville Precinct,267,139,24,0
0,_025,_Eight Mile Grove Precinct,_Eight Mile Grove Precinct,395,139,32,6
0,_025,_Elmwood Precinct,_Elmwood Precinct,224,105,7,5
0,_025,_Liberty Precinct,_Liberty Precinct,232,72,10,3
0,_025,_McKelverly Precinct,_McKelverly Precinct,150,72,10,2
0,_025,_Mount Pleasant Precinct,_Mount Pleasant Precinct,87,25,8,4
0,_025,_Nehawka Precinct,_Nehawka Precinct,125,47,8,1
0,_025,_North Plattsmouth Precinct,_North Plattsmouth Precinct,790,343,42,13
0,_025,_North Rock Bluff Precinct,_North Rock Bluff Precinct,389,156,15,6
0,_025,_Plattsmouth 1st Ward 1st Precinct,_Plattsmouth 1st Ward 1st Precinct,211,104,19,7
0,_025,_Plattsmouth 1st Ward 2nd Precinct,_Plattsmouth 1st Ward 2nd Precinct,208,98,15,5
0,_025,_Plattsmouth 2nd Ward 1st Precinct,_Plattsmouth 2nd Ward 1st Precinct,227,97,23,4
0,_025,_Plattsmouth 2nd Ward 2nd Precinct,_Plattsmouth 2nd Ward 2nd Precinct,198,94,18,5
0,_025,_Plattsmouth 3rd Ward 1st Precinct,_Plattsmouth 3rd Ward 1st Precinct,214,84,36,2
0,_025,_Plattsmouth 3rd Ward 2nd Precinct,_Plattsmouth 3rd Ward 2nd Precinct,177,77,24,4
0,_025,_Plattsmouth 4th Ward 1st Precinct,_Plattsmouth 4th Ward 1st Precinct,149,70,24,6
0,_025,_Plattsmouth 4th Ward 2nd Precinct,_Plattsmouth 4th Ward 2nd Precinct,220,102,23,8
0,_025,_Salt Creek Precinct,_Salt Creek Precinct,292,117,39,1
0,_025,_South Bend Precinct,_South Bend Precinct,350,131,15,1
0,_025,_South Plattsmouth Precinct,_South Plattsmouth Precinct,503,175,27,4
0,_025,_South Rock Bluff Precinct,_South Rock Bluff Precinct,653,211,40,12
0,_025,_Stove Creek Precinct,_Stove Creek Precinct,313,151,19,4
0,_025,_Tipton Precinct,_Tipton Precinct,715,309,49,5
0,_025,_Weeping Water 1st Ward,_Weeping Water 1st Ward,169,96,16,4
0,_025,_Weeping Water 2nd Ward,_Weeping Water 2nd Ward,167,87,23,3
0,_025,_West Louisville Precinct,_West Louisville Precinct,405,142,22,6
0,_025,_West Rock Bluff Precinct,_West Rock Bluff Precinct,258,104,15,8
0,_027,_Precinct 1,_Precinct 1,142,40,21,1
0,_027,_Precinct 10,_Precinct 10,130,14,9,0
0,_027,_Precinct 11,_Precinct 11,404,58,33,4
0,_027,_Precinct 12,_Precinct 12,103,37,18,2
0,_027,_Precinct 13,_Precinct 13,486,59,23,11
0,_027,_Precinct 2,_Precinct 2,347,65,21,0
0,_027,_Precinct 3,_Precinct 3,159,31,14,1
0,_027,_Precinct 4,_Precinct 4,233,31,13,1
0,_027,_Precinct 5,_Precinct 5,146,30,5,0
0,_027,_Precinct 6,_Precinct 6,752,122,31,9
0,_027,_Precinct 7,_Precinct 7,69,21,10,1
0,_027,_Precinct 8,_Precinct 8,250,27,13,0
0,_027,_Precinct 9,_Precinct 9,311,36,13,1
0,_029,_Champion/Lamar Precinct,_Champion/Lamar Precinct,214,19,5,0
0,_029,_Imperial East Precinct,_Imperial East Precinct,268,37,8,3
0,_029,_Imperial Rural Precinct,_Imperial Rural Precinct,291,25,6,0
0,_029,_Imperial West Precinct,_Imperial West Precinct,521,54,23,2
0,_029,_Wauneta Precinct,_Wauneta Precinct,354,36,12,1
0,_031,_Barley Precinct,_Barley Precinct,39,2,0,0
0,_031,_Cleveland Precinct,_Cleveland Precinct,75,5,5,0
0,_031,_Cody Precinct,_Cody Precinct,187,13,6,3
0,_031,_Crookston Precinct,_Crookston Precinct,89,9,2,0
0,_031,_East Valentine Precinct,_East Valentine Precinct,506,81,25,2
0,_031,_Gillaspie Precinct,_Gillaspie Precinct,24,1,0,0
0,_031,_Goose Creek Precinct,_Goose Creek Precinct,74,2,3,0
0,_031,_Kennedy Precinct,_Kennedy Precinct,23,0,1,2
0,_031,_Kilgore Precinct,_Kilgore Precinct,74,5,6,0
0,_031,_King Precinct,_King Precinct,17,0,0,0
0,_031,_Lackey Precinct,_Lackey Precinct,66,2,2,0
0,_031,_Loup Precinct,_Loup Precinct,106,10,7,0
0,_031,_Merriman Precinct,_Merriman Precinct,136,14,3,0
0,_031,_Mother Lake Precinct,_Mother Lake Precinct,41,2,0,0
0,_031,_Nenzel Precinct,_Nenzel Precinct,32,3,1,0
0,_031,_North Valentine Precinct,_North Valentine Precinct,527,87,34,7
0,_031,_Russell Precinct,_Russell Precinct,27,1,1,0
0,_031,_South Valentine Precinct,_South Valentine Precinct,397,60,26,1
0,_031,_Wells Precinct,_Wells Precinct,82,9,3,0
0,_031,_Wood Lake Precinct,_Wood Lake Precinct,101,11,2,0
0,_033,_Gurley Precinct,_Gurley Precinct,266,22,15,2
0,_033,_Lodgepole Precinct,_Lodgepole Precinct,335,51,13,0
0,_033,_Potter Precinct,_Potter Precinct,321,30,15,0
0,_033,_Sidney Precinct 1,_Sidney Precinct 1,429,102,27,1
0,_033,_Sidney Precinct 2,_Sidney Precinct 2,597,112,37,13
0,_033,_Sidney Precinct 3,_Sidney Precinct 3,334,92,32,13
0,_033,_Sidney Precinct 4,_Sidney Precinct 4,428,102,32,8
0,_033,_Sidney Precinct 5,_Sidney Precinct 5,706,166,26,5
0,_033,_Union Valley Precinct,_Union Valley Precinct,249,34,16,4
0,_035,_Clay Center Precinct,_Clay Center Precinct,265,70,14,1
0,_035,_Edgar Cons. Precinct,_Edgar Cons. Precinct,242,56,12,1
0,_035,_Fairfield Precinct,_Fairfield Precinct,154,32,10,1
0,_035,_Glenvil Precinct,_Glenvil Precinct,161,24,8,0
0,_035,_Harvard Precinct,_Harvard Precinct,268,76,22,7
0,_035,_L.L.L.M. CONS Precinct,_L.L.L.M. CONS Precinct,177,36,4,3
0,_035,_Leicester/Inland Precinct,_Leicester/Inland Precinct,175,26,15,0
0,_035,_Spring Ranch/Fairfield Precinct,_Spring Ranch/Fairfield Precinct,172,17,3,0
0,_035,_Sutton 1st Precinct,_Sutton 1st Precinct,303,62,8,2
0,_035,_Sutton 2nd Precinct,_Sutton 2nd Precinct,301,47,13,0
0,_035,_Sutton Twps Precinct,_Sutton Twps Precinct,204,31,7,0
0,_037,_1 Precinct,_1 Precinct,289,185,19,7
0,_037,_2 Precinct,_2 Precinct,481,257,22,5
0,_037,_3 Precinct,_3 Precinct,440,241,40,6
0,_037,_4 Precinct,_4 Precinct,579,119,15,5
0,_037,_5 Precinct,_5 Precinct,382,57,22,3
0,_039,"_Bancroft, Cleveland & Neligh Precinct","_Bancroft, Cleveland & Neligh Precinct",364,104,19,4
0,_039,_Beemer & Logan Precinct,_Beemer & Logan Precinct,358,67,8,2
0,_039,_St. Charles Sherman Garfield & Cuming Precinct,_St. Charles Sherman Garfield & Cuming Precinct,428,86,21,2
0,_039,_SW 4,_SW 4,431,77,25,4
0,_039,_West Point Ward 1 & 3,_West Point Ward 1 & 3,549,152,32,9
0,_039,_West Point Ward 2,_West Point Ward 2,393,87,19,1
0,_039,"_Wisner, Blaine & Grant Precinct","_Wisner, Blaine & Grant Precinct",599,146,33,4
0,_041,_Algernan/Elk Creek Precinct,_Algernan/Elk Creek Precinct,194,26,10,0
0,_041,_Ansley/Myrtle/Westerville Precinct,_Ansley/Myrtle/Westerville Precinct,356,52,20,5
0,_041,_Arnold Precinct,_Arnold Precinct,422,40,10,7
0,_041,_Berwyn Precinct,_Berwyn Precinct,95,14,5,0
0,_041,_Broken Bow North Precinct,_Broken Bow North Precinct,127,46,7,4
0,_041,_Broken Bow Northwest Precinct,_Broken Bow Northwest Precinct,393,68,32,1
0,_041,_Broken Bow South Precinct,_Broken Bow South Precinct,465,95,20,5
0,_041,_Broken Bow Southwest Precinct,_Broken Bow Southwest Precinct,207,48,7,1
0,_041,_Cliff Precinct,_Cliff Precinct,76,4,0,0
0,_041,_Comstock Precinct,_Comstock Precinct,59,19,1,0
0,_041,_Corner/Rural Sargent Precinct,_Corner/Rural Sargent Precinct,78,11,3,0
0,_041,_Custer Precinct,_Custer Precinct,46,8,5,1
0,_041,_Delight Precinct,_Delight Precinct,365,39,20,3
0,_041,_Douglas Grove Precinct,_Douglas Grove Precinct,42,7,4,0
0,_041,_East Center Precinct,_East Center Precinct,25,0,3,0
0,_041,_Elim Precinct,_Elim Precinct,71,1,0,0
0,_041,_Garfield Precinct,_Garfield Precinct,55,4,1,0
0,_041,_Grant Precinct,_Grant Precinct,20,4,0,0
0,_041,_Hayes/Victoria Precinct,_Hayes/Victoria Precinct,199,26,9,1
0,_041,_Kilfoil Precinct,_Kilfoil Precinct,306,28,12,1
0,_041,_Lillian/Milburn Precinct,_Lillian/Milburn Precinct,87,4,4,0
0,_041,_Loup Precinct,_Loup Precinct,60,3,1,0
0,_041,_North Rural Broken Bow Precinct,_North Rural Broken Bow Precinct,204,13,4,0
0,_041,_Ryno Precinct,_Ryno Precinct,51,3,0,0
0,_041,_Sargent City Precinct,_Sargent City Precinct,203,39,13,4
0,_041,_South Rural Broken Bow Precinct,_South Rural Broken Bow Precinct,186,18,3,0
0,_041,_Spring Creek Precinct,_Spring Creek Precinct,8,1,1,0
0,_041,_Triumph Precinct,_Triumph Precinct,64,0,4,0
0,_041,_Wayne Precinct,_Wayne Precinct,58,4,0,0
0,_041,_West Union Precinct,_West Union Precinct,31,1,0,0
0,_041,_Wood River Precinct,_Wood River Precinct,142,15,7,4
0,_043,_Covington Island Precinct,_Covington Island Precinct,504,188,19,7
0,_043,_Dakota City Precinct,_Dakota City Precinct,371,225,20,4
0,_043,_Dakota Rural Precinct,_Dakota Rural Precinct,185,62,5,0
0,_043,_Emerson Precinct,_Emerson Precinct,162,36,11,0
0,_043,_Hubbard Precinct,_Hubbard Precinct,146,83,7,0
0,_043,_Omadi Precinct,_Omadi Precinct,400,107,28,4
0,_043,_South City Precinct Precinct 4AA,_South City Precinct Precinct 4AA,209,133,11,3
0,_043,_South Sioux City 1 Precinct,_South Sioux City 1 Precinct,198,216,11,3
0,_043,_South Sioux City 2 Precinct,_South Sioux City 2 Precinct,269,343,37,6
0,_043,_South Sioux City 3A Precinct,_South Sioux City 3A Precinct,289,346,35,10
0,_043,_South Sioux City 4A Precinct,_South Sioux City 4A Precinct,228,184,16,5
0,_043,_South Sioux City 4B Precinct,_South Sioux City 4B Precinct,368,267,18,5
0,_043,_St. John's Precinct,_St. John's Precinct,287,124,11,3
0,_045,_#1 Precinct,_#1 Precinct,140,52,16,10
0,_045,_#10 Precinct,_#10 Precinct,373,56,18,0
0,_045,_#11 Precinct,_#11 Precinct,233,45,20,1
0,_045,_#2 Precinct,_#2 Precinct,345,149,25,15
0,_045,_#3 Precinct,_#3 Precinct,285,143,21,12
0,_045,_#4 Precinct,_#4 Precinct,242,118,24,5
0,_045,_#5 Precinct,_#5 Precinct,158,89,23,7
0,_045,_#6 Precinct,_#6 Precinct,291,52,11,0
0,_045,_#7 Precinct,_#7 Precinct,244,46,16,2
0,_045,_#8 Precinct,_#8 Precinct,212,32,9,0
0,_045,_#9 Precinct,_#9 Precinct,109,19,8,0
0,_047,_Coyote Precinct,_Coyote Precinct,143,38,4,2
0,_047,_Cozad East Precinct,_Cozad East Precinct,649,157,37,9
0,_047,_Cozad West Precinct,_Cozad West Precinct,614,140,35,5
0,_047,_Fairview Precinct,_Fairview Precinct,112,27,4,0
0,_047,_Farnam Precinct,_Farnam Precinct,114,14,5,0
0,_047,_German Precinct,_German Precinct,130,10,10,0
0,_047,_Gillan Precinct,_Gillan Precinct,206,23,22,0
0,_047,_Gothenburg East Precinct,_Gothenburg East Precinct,736,143,36,0
0,_047,_Gothenburg West Precinct,_Gothenburg West Precinct,629,185,34,9
0,_047,_Grant Precinct,_Grant Precinct,170,42,12,3
0,_047,_Kennebec Precinct,_Kennebec Precinct,79,6,7,0
0,_047,_Lexington 1st Precinct,_Lexington 1st Precinct,192,220,18,7
0,_047,_Lexington 2nd Precinct,_Lexington 2nd Precinct,412,243,32,1
0,_047,_Lexington 3rd Precinct,_Lexington 3rd Precinct,440,309,39,5
0,_047,_Lexington 4th Precinct,_Lexington 4th Precinct,83,160,13,3
0,_047,_Lexington 5th Precinct,_Lexington 5th Precinct,213,255,34,4
0,_047,_Overton Precinct,_Overton Precinct,436,60,16,4
0,_047,_Platte Precinct,_Platte Precinct,230,60,6,1
0,_047,_Ringgold Precinct,_Ringgold Precinct,182,25,5,1
0,_047,_Woodriver Precinct,_Woodriver Precinct,214,19,12,4
0,_049,_Big Springs Precinct,_Big Springs Precinct,273,34,24,0
0,_049,_Chappell Precinct,_Chappell Precinct,264,56,8,1
0,_049,_Swan Precinct,_Swan Precinct,272,30,15,0
0,_051,_Concord/Dixon/Clark Precinct,_Concord/Dixon/Clark Precinct,208,48,16,0
0,_051,_Daily/Hooker/Newcastle Precinct,_Daily/Hooker/Newcastle Precinct,344,101,27,5
0,_051,_Emerson Precinct,_Emerson Precinct,124,54,15,0
0,_051,_Galena/Silvercreek Precinct,_Galena/Silvercreek Precinct,198,22,13,1
0,_051,_Logan/Wakefield 3 Precinct,_Logan/Wakefield 3 Precinct,165,35,9,0
0,_051,_Otter Precinct,_Otter Precinct,108,32,8,1
0,_051,_Ponca 1 Precinct,_Ponca 1 Precinct,140,49,1,0
0,_051,_Ponca 2 Precinct,_Ponca 2 Precinct,161,35,6,0
0,_051,_Ponca TWP/Ponca 3 Precinct,_Ponca TWP/Ponca 3 Precinct,173,35,4,0
0,_051,_Springbank Precinct,_Springbank Precinct,219,45,11,4
0,_051,_Wakefield 1 Precinct,_Wakefield 1 Precinct,111,63,13,4
0,_051,_Wakefield 2 Precinct,_Wakefield 2 Precinct,90,37,7,2
0,_053,_Cuming-Everett Precinct,_Cuming-Everett Precinct,199,51,12,4
0,_053,_Elkhorn Precinct,_Elkhorn Precinct,145,49,8,0
0,_053,_Fremont Precinct 1A,_Fremont Precinct 1A,418,228,30,9
0,_053,_Fremont Precinct 1B,_Fremont Precinct 1B,333,213,37,3
0,_053,_Fremont Precinct 1C,_Fremont Precinct 1C,533,247,21,4
0,_053,_Fremont Precinct 1D,_Fremont Precinct 1D,224,102,9,7
0,_053,_Fremont Precinct 1E,_Fremont Precinct 1E,380,248,11,6
0,_053,_Fremont Precinct 2A,_Fremont Precinct 2A,272,165,16,14
0,_053,_Fremont Precinct 2B,_Fremont Precinct 2B,245,134,20,3
0,_053,_Fremont Precinct 2C,_Fremont Precinct 2C,549,246,44,6
0,_053,_Fremont Precinct 2D,_Fremont Precinct 2D,193,86,14,4
0,_053,_Fremont Precinct 2E,_Fremont Precinct 2E,357,157,21,6
0,_053,_Fremont Precinct 3A,_Fremont Precinct 3A,182,119,21,3
0,_053,_Fremont Precinct 3B,_Fremont Precinct 3B,96,81,8,4
0,_053,_Fremont Precinct 3C,_Fremont Precinct 3C,199,135,17,9
0,_053,_Fremont Precinct 3D,_Fremont Precinct 3D,307,210,17,7
0,_053,_Fremont Precinct 3E,_Fremont Precinct 3E,265,154,20,10
0,_053,_Fremont Precinct 4A,_Fremont Precinct 4A,350,173,35,7
0,_053,_Fremont Precinct 4B,_Fremont Precinct 4B,228,127,17,9
0,_053,_Fremont Precinct 4C,_Fremont Precinct 4C,483,274,35,5
0,_053,_Fremont Precinct 4D,_Fremont Precinct 4D,530,262,31,4
0,_053,_Fremont Precinct 4E,_Fremont Precinct 4E,190,102,16,4
0,_053,_Hooper City Precinct,_Hooper City Precinct,277,121,17,2
0,_053,_Logan-Hooper Precinct,_Logan-Hooper Precinct,343,75,22,7
0,_053,_Maple-Nickerson Precinct,_Maple-Nickerson Precinct,340,127,17,6
0,_053,_North Bend Village Precinct,_North Bend Village Precinct,381,147,28,5
0,_053,_Pebble Precinct,_Pebble Precinct,193,31,14,2
0,_053,_Platte East Precinct,_Platte East Precinct,174,81,7,1
0,_053,_Platte West Precinct,_Platte West Precinct,432,136,14,5
0,_053,_Ridgely-Union-Cotterell Precinct- Pleasant Valley,_Ridgely-Union-Cotterell Precinct- Pleasant Valley,420,97,20,2
0,_053,_Scribner City Precinct,_Scribner City Precinct,348,79,18,4
0,_053,_Webster Precinct,_Webster Precinct,347,87,7,0
0,_055,_01-01,_01-01,504,649,58,22
0,_055,_01-02,_01-02,355,362,30,13
0,_055,_01-03,_01-03,575,832,43,14
0,_055,_01-04,_01-04,292,746,30,15
0,_055,_01-05,_01-05,400,624,45,15
0,_055,_01-06,_01-06,305,748,37,18
0,_055,_01-07,_01-07,318,808,54,26
0,_055,_01-08,_01-08,362,811,55,17
0,_055,_01-09,_01-09,296,443,43,19
0,_055,_01-10,_01-10,275,288,27,7
0,_055,_01-11,_01-11,353,500,48,23
0,_055,_01-12,_01-12,50,44,8,2
0,_055,_01-13,_01-13,609,653,75,19
0,_055,_01-14,_01-14,408,1003,65,23
0,_055,_01-15,_01-15,495,767,84,33
0,_055,_01-16,_01-16,322,457,34,23
0,_055,_01-17,_01-17,256,781,73,24
0,_055,_01-18,_01-18,476,982,60,8
0,_055,_01-19,_01-19,486,658,40,11
0,_055,_01-20,_01-20,436,515,43,12
0,_055,_01-21,_01-21,447,628,50,9
0,_055,_01-22,_01-22,461,475,23,7
0,_055,_01-23,_01-23,367,567,35,15
0,_055,_01-24,_01-24,355,492,36,19
0,_055,_01-25,_01-25,282,482,60,14
0,_055,_02-01,_02-01,262,513,42,19
0,_055,_02-02,_02-02,212,560,35,14
0,_055,_02-03,_02-03,273,746,28,17
0,_055,_02-04,_02-04,112,584,11,8
0,_055,_02-05,_02-05,88,539,8,9
0,_055,_02-06,_02-06,115,570,14,13
0,_055,_02-07,_02-07,90,580,6,2
0,_055,_02-08,_02-08,78,573,13,12
0,_055,_02-09,_02-09,30,667,10,6
0,_055,_02-10,_02-10,60,627,17,14
0,_055,_02-11,_02-11,136,808,26,15
0,_055,_02-12,_02-12,205,793,35,21
0,_055,_02-13,_02-13,36,504,12,6
0,_055,_02-14,_02-14,207,671,45,17
0,_055,_02-15,_02-15,65,795,19,8
0,_055,_02-16,_02-16,75,616,16,17
0,_055,_02-17,_02-17,169,602,23,19
0,_055,_02-18,_02-18,80,129,11,2
0,_055,_02-19,_02-19,96,557,9,14
0,_055,_02-20,_02-20,55,553,13,3
0,_055,_02-21,_02-21,36,672,6,7
0,_055,_02-22,_02-22,28,474,4,9
0,_055,_02-23,_02-23,228,460,16,12
0,_055,_03-01,_03-01,17,62,2,4
0,_055,_03-02,_03-02,218,613,49,20
0,_055,_03-03,_03-03,236,777,56,22
0,_055,_03-04,_03-04,301,1001,54,29
0,_055,_03-05,_03-05,243,559,56,20
0,_055,_03-06,_03-06,203,635,47,27
0,_055,_03-07,_03-07,289,775,53,32
0,_055,_03-08,_03-08,370,613,46,25
0,_055,_03-09,_03-09,437,743,52,24
0,_055,_03-10,_03-10,209,382,34,21
0,_055,_03-11,_03-11,258,620,35,30
0,_055,_03-12,_03-12,341,540,45,11
0,_055,_03-13,_03-13,299,591,38,16
0,_055,_03-14,_03-14,474,678,53,18
0,_055,_03-15,_03-15,495,842,76,21
0,_055,_03-16,_03-16,536,1000,82,22
0,_055,_03-17,_03-17,441,578,70,19
0,_055,_03-18,_03-18,173,592,34,15
0,_055,_03-19,_03-19,274,729,54,21
0,_055,_03-20,_03-20,397,904,52,13
0,_055,_03-21,_03-21,306,785,55,10
0,_055,_04-01,_04-01,211,439,27,6
0,_055,_04-02,_04-02,312,420,58,8
0,_055,_04-03,_04-03,181,544,36,15
0,_055,_04-04,_04-04,382,515,49,22
0,_055,_04-05,_04-05,653,600,53,16
0,_055,_04-06,_04-06,368,617,37,19
0,_055,_04-07,_04-07,333,376,30,22
0,_055,_04-08,_04-08,467,507,58,15
0,_055,_04-09,_04-09,178,321,28,14
0,_055,_04-10,_04-10,205,621,30,11
0,_055,_04-11,_04-11,443,509,44,18
0,_055,_04-12,_04-12,558,429,36,20
0,_055,_04-13,_04-13,357,483,63,15
0,_055,_04-14,_04-14,139,369,20,5
0,_055,_04-15,_04-15,279,632,28,19
0,_055,_04-16,_04-16,409,511,45,22
0,_055,_04-17,_04-17,271,286,27,11
0,_055,_04-18,_04-18,153,453,37,9
0,_055,_05-01,_05-01,566,543,65,24
0,_055,_05-02,_05-02,575,629,60,18
0,_055,_05-03,_05-03,701,559,54,15
0,_055,_05-04,_05-04,412,451,41,12
0,_055,_05-05,_05-05,399,444,45,17
0,_055,_05-06,_05-06,408,394,61,9
0,_055,_05-07,_05-07,720,563,77,13
0,_055,_05-08,_05-08,429,512,97,18
0,_055,_05-09,_05-09,706,482,39,4
0,_055,_05-10,_05-10,558,477,51,8
0,_055,_05-11,_05-11,689,563,79,18
0,_055,_05-12,_05-12,633,509,56,24
0,_055,_05-13,_05-13,964,550,50,16
0,_055,_05-14,_05-14,764,491,73,14
0,_055,_05-15,_05-15,685,431,73,8
0,_055,_05-16,_05-16,659,463,53,18
0,_055,_05-17,_05-17,577,308,36,6
0,_055,_05-18,_05-18,732,544,73,18
0,_055,_05-19,_05-19,581,384,49,5
0,_055,_05-20,_05-20,750,355,36,2
0,_055,_05-21,_05-21,646,291,30,8
0,_055,_05-22,_05-22,818,365,57,8
0,_055,_05-23,_05-23,556,548,45,15
0,_055,_05-24,_05-24,603,456,55,21
0,_055,_05-25,_05-25,708,415,44,13
0,_055,_05-26,_05-26,425,302,34,7
0,_055,_05-27,_05-27,513,294,28,7
0,_055,_05-28,_05-28,552,422,42,8
0,_055,_05-29,_05-29,493,358,38,14
0,_055,_05-30,_05-30,913,604,72,13
0,_055,_05-31,_05-31,493,307,26,5
0,_055,_05-32,_05-32,169,76,5,4
0,_055,_05-33,_05-33,169,138,15,6
0,_055,_06-01,_06-01,469,572,31,13
0,_055,_06-02,_06-02,608,480,37,4
0,_055,_06-03,_06-03,592,452,32,16
0,_055,_06-04,_06-04,583,520,36,12
0,_055,_06-05,_06-05,321,546,50,12
0,_055,_06-06,_06-06,450,445,45,12
0,_055,_06-07,_06-07,461,592,47,3
0,_055,_06-08,_06-08,658,608,57,7
0,_055,_06-09,_06-09,645,556,48,8
0,_055,_06-10,_06-10,694,585,63,21
0,_055,_06-11,_06-11,704,642,68,20
0,_055,_06-12,_06-12,504,450,61,9
0,_055,_06-13,_06-13,810,611,70,17
0,_055,_06-14,_06-14,739,584,63,10
0,_055,_06-15,_06-15,608,433,41,10
0,_055,_06-16,_06-16,746,493,53,10
0,_055,_06-17,_06-17,600,355,60,6
0,_055,_06-18,_06-18,165,130,18,1
0,_055,_06-19,_06-19,795,451,59,16
0,_055,_06-20,_06-20,714,470,50,14
0,_055,_06-21,_06-21,819,409,65,9
0,_055,_06-22,_06-22,676,294,31,4
0,_055,_06-23,_06-23,603,293,46,18
0,_055,_06-24,_06-24,762,366,53,11
0,_055,_06-25,_06-25,474,514,40,10
0,_055,_06-26,_06-26,491,489,40,15
0,_055,_06-27,_06-27,512,485,48,11
0,_055,_06-28,_06-28,692,508,48,10
0,_055,_06-29,_06-29,627,340,41,3
0,_055,_06-30,_06-30,425,216,26,4
0,_055,_07-01,_07-01,487,528,44,16
0,_055,_07-02,_07-02,578,624,68,8
0,_055,_07-03,_07-03,513,548,71,9
0,_055,_07-04,_07-04,587,584,65,24
0,_055,_07-05,_07-05,535,676,70,19
0,_055,_07-06,_07-06,515,453,39,9
0,_055,_07-07,_07-07,495,443,64,22
0,_055,_07-08,_07-08,466,530,72,25
0,_055,_07-09,_07-09,538,644,86,22
0,_055,_07-10,_07-10,599,641,70,20
0,_055,_07-11,_07-11,545,594,71,13
0,_055,_07-12,_07-12,556,489,41,13
0,_055,_07-13,_07-13,772,476,62,17
0,_055,_07-14,_07-14,397,229,23,2
0,_055,_07-15,_07-15,393,535,55,11
0,_055,_07-16,_07-16,563,444,48,11
0,_055,_07-17,_07-17,683,430,78,7
0,_055,_07-18,_07-18,509,628,86,29
0,_055,_07-19,_07-19,479,676,50,17
0,_055,_07-20,_07-20,734,564,48,6
0,_055,_07-21,_07-21,835,483,55,6
0,_055,_07-22,_07-22,878,623,84,13
0,_055,_07-23,_07-23,443,459,39,12
0,_055,_07-24,_07-24,518,504,45,13
0,_055,_07-25,_07-25,545,603,52,16
0,_055,_07-26,_07-26,432,318,30,4
0,_055,_07-27,_07-27,654,485,50,15
0,_055,_07-28,_07-28,376,270,29,9
0,_055,_07-29,_07-29,515,440,53,8
0,_055,_07-30,_07-30,574,437,49,12
0,_055,_07-31,_07-31,605,407,42,7
0,_055,_07-32,_07-32,685,474,45,9
0,_055,_07-33,_07-33,484,292,36,11
0,_055,_07-34,_07-34,585,367,43,7
0,_055,_08-01,_08-01,291,276,34,4
0,_055,_08-02,_08-02,188,184,29,4
0,_055,_08-03,_08-03,217,157,19,6
0,_055,_08-04,_08-04,341,216,22,8
0,_055,_08-05,_08-05,235,227,34,1
0,_055,_08-06,_08-06,212,173,20,1
0,_055,_08-07,_08-07,407,271,29,5
0,_055,_08-08,_08-08,222,132,7,1
0,_055,_08-09,_08-09,426,209,24,1
0,_055,_08-10,_08-10,389,414,33,13
0,_055,_08-11,_08-11,627,996,78,28
0,_055,_08-12,_08-12,664,678,74,24
0,_055,_08-13,_08-13,1363,577,92,13
0,_055,_08-14,_08-14,585,252,36,6
0,_055,_08-15,_08-15,678,433,39,4
0,_055,_08-16,_08-16,1116,618,72,11
0,_055,_08-17,_08-17,633,482,51,9
0,_055,_08-18,_08-18,272,225,17,4
0,_055,_08-19,_08-19,765,567,69,11
0,_055,_08-20,_08-20,587,479,61,14
0,_055,_08-23,_08-23,405,332,34,9
0,_055,_08-24,_08-24,602,315,50,8
0,_055,_08-27,_08-27,54,45,2,6
0,_055,_08-31,_08-31,407,299,56,4
0,_055,_08-35,_08-35,250,189,34,9
0,_055,_08-36,_08-36,557,383,54,6
0,_055,_08-37,_08-37,613,437,57,7
0,_055,_08-39,_08-39,926,322,65,9
0,_055,_08-40,_08-40,986,363,49,9
0,_055,_08-41,_08-41,791,274,40,6
0,_055,_08-42,_08-42,1086,603,64,16
0,_055,_08-43,_08-43,762,436,46,4
0,_055,_08-44,_08-44,594,402,73,10
0,_055,_08-45,_08-45,878,411,49,6
0,_055,_08-46,_08-46,926,645,103,9
0,_055,_08-47,_08-47,1090,800,109,15
0,_055,_08-48,_08-48,756,232,37,5
0,_055,_08-49,_08-49,628,313,56,8
0,_055,_08-50,_08-50,697,514,59,5
0,_055,_08-51,_08-51,974,730,64,20
0,_055,_08-52,_08-52,579,583,54,7
0,_055,_08-53,_08-53,657,427,41,6
0,_055,_08-54,_08-54,668,312,37,8
0,_055,_08-55,_08-55,750,291,56,9
0,_057,_Benkelman I/Ough,_Benkelman I/Ough,279,31,9,2
0,_057,_Benkelman II,_Benkelman II,300,24,12,0
0,_057,_Benkelman III,_Benkelman III,137,15,4,0
0,_057,_Haigler,_Haigler,107,19,6,4
0,_059,_#101 Precinct,_#101 Precinct,223,87,18,1
0,_059,_#102 Precinct,_#102 Precinct,216,46,23,5
0,_059,_#103 Precinct,_#103 Precinct,174,28,13,3
0,_059,_#104/#106 Precinct,_#104/#106 Precinct,348,101,18,2
0,_059,_#105 Precinct,_#105 Precinct,290,104,23,2
0,_059,_#107 Precinct,_#107 Precinct,203,77,19,4
0,_059,_#108 Precinct,_#108 Precinct,243,85,14,2
0,_059,_#109 Precinct,_#109 Precinct,158,23,10,1
0,_059,_#110 Precinct,_#110 Precinct,275,62,13,1
0,_061,_Campbell Precinct,_Campbell Precinct,239,48,5,0
0,_061,_East Franklin Precinct,_East Franklin Precinct,276,59,17,4
0,_061,_Hildreth Precinct,_Hildreth Precinct,374,72,16,2
0,_061,_West Franklin Precinct,_West Franklin Precinct,458,71,16,1
0,_063,_Curtis Precinct,_Curtis Precinct,334,48,10,3
0,_063,_Eustis Precinct,_Eustis Precinct,269,59,10,3
0,_063,_Garden Prairie Precinct,_Garden Prairie Precinct,94,5,3,0
0,_063,_Maywood Precinct,_Maywood Precinct,181,31,7,1
0,_063,_Stockville Precinct,_Stockville Precinct,232,18,6,1
0,_065,_Arapahoe Precinct,_Arapahoe Precinct,477,67,29,2
0,_065,_Beaver City Precinct,_Beaver City Precinct,308,48,13,1
0,_065,_Cambridge Precinct,_Cambridge Precinct,509,96,26,2
0,_065,_Edison Precinct,_Edison Precinct,97,9,1,0
0,_065,_Hendley Precinct,_Hendley Precinct,81,12,2,1
0,_065,_Holbrook Precinct,_Holbrook Precinct,125,16,6,0
0,_065,_Oxford Precinct,_Oxford Precinct,252,39,7,3
0,_065,_Wilsonville Precinct,_Wilsonville Precinct,72,17,1,2
0,_067,_Adams Area,_Adams Area,672,214,44,8
0,_067,_Catlin/Billesbach,_Catlin/Billesbach,844,491,70,19
0,_067,_Cook/Morgan,_Cook/Morgan,838,428,53,17
0,_067,_Fairbanks/Clabaugh,_Fairbanks/Clabaugh,858,454,77,9
0,_067,_Filley/Virginia Area,_Filley/Virginia Area,388,134,28,2
0,_067,_Homestead Area,_Homestead Area,515,200,36,8
0,_067,_Kerr/Parde,_Kerr/Parde,563,295,61,19
0,_067,_Northwest Quad Area,_Northwest Quad Area,726,298,59,9
0,_067,_Odell Area,_Odell Area,349,138,23,1
0,_067,_Wymore Area,_Wymore Area,627,283,41,12
0,_069,_Blue Creek Precinct,_Blue Creek Precinct,243,48,9,0
0,_069,_Lisco Precinct,_Lisco Precinct,92,12,4,1
0,_069,_Lost Creek Precinct,_Lost Creek Precinct,312,49,17,1
0,_069,_Oshkosh 1 Precinct,_Oshkosh 1 Precinct,222,44,9,0
0,_071,_Rural 1 Precinct,_Rural 1 Precinct,352,39,11,4
0,_071,_Ward 1,_Ward 1,261,50,5,1
0,_071,_Ward 2,_Ward 2,208,32,7,0
0,_073,_Precinct 1,_Precinct 1,304,56,21,2
0,_073,_Precinct 2,_Precinct 2,266,74,11,4
0,_073,_Precinct 3,_Precinct 3,164,26,3,0
0,_073,_Precinct 4,_Precinct 4,60,10,3,0
0,_075,_Grant County Voting District,_Grant County Voting District,367,20,6,1
0,_077,_Greeley Voting Precinct,_Greeley Voting Precinct,238,83,21,0
0,_077,_Scotia Voting Precinct,_Scotia Voting Precinct,154,37,3,0
0,_077,_Spalding Voting Precinct,_Spalding Voting Precinct,369,73,10,6
0,_077,_Wolbach 2 Voting Precinct,_Wolbach 2 Voting Precinct,151,17,4,0
0,_079,_Alda Precinct,_Alda Precinct,366,84,16,7
0,_079,_Doniphan Precinct,_Doniphan Precinct,380,94,14,2
0,_079,_Eight,_Eight,625,391,65,13
0,_079,_Eighteen,_Eighteen,340,250,30,3
0,_079,_Eleven,_Eleven,635,326,47,15
0,_079,_Fifteen,_Fifteen,898,339,44,7
0,_079,_Five,_Five,776,288,37,7
0,_079,_Four,_Four,475,229,17,6
0,_079,_Fourteen,_Fourteen,1126,310,49,8
0,_079,_Lake/Prairie Creek Precinct,_Lake/Prairie Creek Precinct,291,53,12,1
0,_079,_Martin/South Platte Precinct,_Martin/South Platte Precinct,428,105,18,7
0,_079,_Mayfield/South Loup Precinct,_Mayfield/South Loup Precinct,514,110,22,8
0,_079,_Nine,_Nine,830,349,57,13
0,_079,_Nineteen,_Nineteen,384,136,17,2
0,_079,_One,_One,540,396,40,7
0,_079,_Seven,_Seven,542,312,48,13
0,_079,_Seventeen,_Seventeen,503,232,37,3
0,_079,_Six,_Six,699,291,40,8
0,_079,_Sixteen,_Sixteen,747,225,37,9
0,_079,_Ten,_Ten,586,354,55,11
0,_079,_Thirteen,_Thirteen,932,330,46,2
0,_079,_Three,_Three,502,327,46,8
0,_079,_Twelve,_Twelve,377,307,39,15
0,_079,_Two,_Two,197,212,19,5
0,_079,_Wood River City Precinct,_Wood River City Precinct,290,146,25,4
0,_079,_Wood River Rural Precinct,_Wood River Rural Precinct,425,86,18,8
0,_081,_#1 Precinct,_#1 Precinct,203,34,10,0
0,_081,_#2 Precinct,_#2 Precinct,386,92,21,4
0,_081,_#3 Precinct,_#3 Precinct,421,68,35,8
0,_081,_#4 Precinct,_#4 Precinct,166,26,6,0
0,_081,_#5 Precinct,_#5 Precinct,436,102,20,3
0,_081,_#6 Precinct,_#6 Precinct,232,32,9,4
0,_081,_#7 Precinct,_#7 Precinct,284,41,8,2
0,_081,_#8 Precinct,_#8 Precinct,252,51,8,1
0,_081,_Aurora Ward 1,_Aurora Ward 1,542,168,40,11
0,_081,_Aurora Ward 2,_Aurora Ward 2,440,118,29,6
0,_081,_Aurora Ward 3,_Aurora Ward 3,421,146,38,4
0,_083,_Central Alma 1 and 2 Precinct,_Central Alma 1 and 2 Precinct,200,44,18,3
0,_083,_East Alma Precinct,_East Alma Precinct,175,22,7,0
0,_083,_Huntley and Ragan Precinct,_Huntley and Ragan Precinct,170,32,5,0
0,_083,_Orleans Precinct,_Orleans Precinct,240,35,6,2
0,_083,_Oxford Precinct,_Oxford Precinct,183,25,15,1
0,_083,_Republican City Precinct,_Republican City Precinct,195,36,2,0
0,_083,_Stamford Precinct,_Stamford Precinct,139,18,3,0
0,_083,_West Alma Precinct,_West Alma Precinct,194,42,6,1
0,_085,_Precinct 1,_Precinct 1,167,7,2,0
0,_085,_Precinct 2,_Precinct 2,142,18,4,1
0,_085,_Precinct 3,_Precinct 3,163,5,2,0
0,_087,_Culbertson Precinct,_Culbertson Precinct,499,61,21,2
0,_087,_Palisade Precinct,_Palisade Precinct,144,15,12,1
0,_087,_Stratton Precinct,_Stratton Precinct,290,36,17,0
0,_087,_Trenton Precinct,_Trenton Precinct,299,49,11,4
0,_089,_Atkinson Ward 1,_Atkinson Ward 1,523,87,20,5
0,_089,_Precinct 1,_Precinct 1,171,22,14,4
0,_089,_Precinct 2,_Precinct 2,511,53,10,1
0,_089,_Precinct 3,_Precinct 3,449,41,8,0
0,_089,_Precinct 4,_Precinct 4,157,23,5,0
0,_089,_Precinct 5,_Precinct 5,307,13,7,1
0,_089,_Precinct 6,_Precinct 6,139,22,8,1
0,_089,_Precinct 7,_Precinct 7,413,55,19,4
0,_089,_Precinct 8,_Precinct 8,428,41,21,3
0,_089,_Voting District 10P,_Voting District 10P,404,69,18,3
0,_089,_Voting District 11P,_Voting District 11P,392,47,6,4
0,_089,_Voting District 12P,_Voting District 12P,245,25,11,1
0,_089,_Voting District 13P,_Voting District 13P,215,33,15,0
0,_091,_Hooker Precinct,_Hooker Precinct,355,40,16,3
0,_093,_Dannebrog Precinct,_Dannebrog Precinct,296,93,21,5
0,_093,_Elba Precinct,_Elba Precinct,220,41,7,3
0,_093,_Loup Fork Precinct,_Loup Fork Precinct,160,45,6,3
0,_093,_Posen Precinct,_Posen Precinct,204,50,7,0
0,_093,_Spring Creek Precinct,_Spring Creek Precinct,114,15,3,0
0,_093,_St. Libory Precinct,_St. Libory Precinct,312,59,18,2
0,_093,_St. Paul Ward 1,_St. Paul Ward 1,455,104,20,4
0,_093,_St. Paul Ward 2,_St. Paul Ward 2,523,137,26,5
0,_095,_Buckley-Antelope-Endicott Precinct,_Buckley-Antelope-Endicott Precinct,276,81,16,4
0,_095,_Cub Creek-Rock Creek Precinct,_Cub Creek-Rock Creek Precinct,168,34,8,1
0,_095,_Eureka-Washington Precinct,_Eureka-Washington Precinct,154,38,12,0
0,_095,_Fairbury Ward 1,_Fairbury Ward 1,240,112,22,5
0,_095,_Fairbury Ward 2,_Fairbury Ward 2,170,77,12,0
0,_095,_Fairbury Ward 3,_Fairbury Ward 3,316,95,25,5
0,_095,_Fairbury Ward 4,_Fairbury Ward 4,265,112,24,9
0,_095,_Jeff-Pleas-New Precinct,_Jeff-Pleas-New Precinct,273,135,8,3
0,_095,_Lin-Mer-Fby-Rich Precinct,_Lin-Mer-Fby-Rich Precinct,236,59,21,2
0,_095,_Ply-Gib Precinct,_Ply-Gib Precinct,301,94,34,1
0,_097,_Nemaha 1 Precinct,_Nemaha 1 Precinct,195,82,16,5
0,_097,_Nemaha Precinct 2,_Nemaha Precinct 2,394,201,30,8
0,_097,_Spring Creek Precinct,_Spring Creek Precinct,188,61,27,1
0,_097,_Sterling Precinct,_Sterling Precinct,382,155,45,7
0,_097,_Todd Creek Precinct,_Todd Creek Precinct,126,40,2,0
0,_097,_Western Precinct,_Western Precinct,70,24,2,1
0,_099,_Cosmo/Grant Precinct,_Cosmo/Grant Precinct,71,11,5,0
0,_099,_Eaton Precinct,_Eaton Precinct,65,8,10,2
0,_099,_Hayes/Logan/Sherman Precinct,_Hayes/Logan/Sherman Precinct,224,15,2,2
0,_099,_Liberty/ Lincoln/ May Precinct,_Liberty/ Lincoln/ May Precinct,191,33,14,2
0,_099,_Lowell Precinct,_Lowell Precinct,86,12,5,0
0,_099,_Minden Center Ward,_Minden Center Ward,317,100,27,5
0,_099,_Minden North Ward,_Minden North Ward,275,99,17,3
0,_099,_Minden South Ward,_Minden South Ward,398,102,25,3
0,_099,_Mirage Precinct,_Mirage Precinct,383,73,23,6
0,_099,_Newark/Blaine Precinct,_Newark/Blaine Precinct,331,74,14,2
0,_099,_Oneida Precinct,_Oneida Precinct,190,23,6,1
0,_101,_Brule Precinct,_Brule Precinct,317,41,18,0
0,_101,_Logan Precinct,_Logan Precinct,118,15,4,0
0,_101,_Lonergan Precinct,_Lonergan Precinct,163,46,0,1
0,_101,_Ogallala #1 Precinct,_Ogallala #1 Precinct,265,46,15,4
0,_101,_Ogallala #2 Precinct,_Ogallala #2 Precinct,282,84,20,5
0,_101,_Ogallala #3 Precinct,_Ogallala #3 Precinct,300,53,14,3
0,_101,_Ogallala #5 Precinct,_Ogallala #5 Precinct,512,90,33,2
0,_101,_Ogallala Rural One Precinct,_Ogallala Rural One Precinct,374,63,11,2
0,_101,_Ogallala Rural Precinct,_Ogallala Rural Precinct,337,63,22,4
0,_101,_Paxton Precinct,_Paxton Precinct,416,42,26,4
0,_101,_Whitetail Precinct,_Whitetail Precinct,151,28,1,0
0,_103,_Custer Precinct,_Custer Precinct,187,23,7,0
0,_103,_Garfield Precinct,_Garfield Precinct,161,13,7,0
0,_103,_Mills Precinct,_Mills Precinct,112,4,3,0
0,_105,_Antelope Precinct,_Antelope Precinct,262,28,12,4
0,_105,_Bushnell Precinct,_Bushnell Precinct,126,22,11,0
0,_105,_Dix Precinct,_Dix Precinct,188,25,6,2
0,_105,_Kimball Ward 1,_Kimball Ward 1,460,106,33,8
0,_105,_Kimball Ward 2,_Kimball Ward 2,294,49,16,4
0,_107,_001 Bloomfield Area Precinct,_001 Bloomfield Area Precinct,533,110,24,4
0,_107,_002 Crofton Area Precinct,_002 Crofton Area Precinct,558,123,21,5
0,_107,_003 Creighton Area Precinct,_003 Creighton Area Precinct,725,124,32,7
0,_107,_004 Center Area Precinct,_004 Center Area Precinct,124,26,7,0
0,_107,_005 Lindy / Santee Area Precinct,_005 Lindy / Santee Area Precinct,115,110,7,8
0,_107,_006 Niobrara Area Precinct,_006 Niobrara Area Precinct,257,64,9,0
0,_107,_007 Verdigre Area Precinct,_007 Verdigre Area Precinct,446,88,26,3
0,_107,_008 Wausa Area Precinct,_008 Wausa Area Precinct,430,75,11,2
0,_109,_01A00,_01A00,224,338,33,6
0,_109,_01A01,_01A01,443,508,48,12
0,_109,_01B00,_01B00,155,329,48,18
0,_109,_01D01,_01D01,248,273,31,13
0,_109,_01D02,_01D02,452,574,44,17
0,_109,_01D04,_01D04,331,302,22,5
0,_109,_01D05,_01D05,276,291,31,6
0,_109,_01D06,_01D06,321,380,55,13
0,_109,_01D07,_01D07,347,186,26,5
0,_109,_01D08,_01D08,409,355,41,12
0,_109,_01D09,_01D09,347,240,33,6
0,_109,_01D10,_01D10,441,325,50,11
0,_109,_01E02,_01E02,335,385,74,18
0,_109,_01E03,_01E03,355,327,43,2
0,_109,_01E04,_01E04,423,265,50,5
0,_109,_01E05,_01E05,264,285,56,10
0,_109,_01E06,_01E06,417,268,29,10
0,_109,_01E07,_01E07,359,316,45,7
0,_109,_01E08,_01E08,395,272,54,7
0,_109,_01E09,_01E09,389,318,32,10
0,_109,_01F01,_01F01,335,305,45,15
0,_109,_01F02,_01F02,352,316,54,13
0,_109,_01F03,_01F03,571,377,63,12
0,_109,_02A00,_02A00,167,515,53,29
0,_109,_02C01,_02C01,320,475,43,28
0,_109,_02C02,_02C02,252,226,27,13
0,_109,_02C03,_02C03,334,309,28,9
0,_109,_02D01,_02D01,465,381,40,9
0,_109,_02D02,_02D02,386,446,47,9
0,_109,_02D03,_02D03,187,178,29,4
0,_109,_02D05,_02D05,0,0,0,0
0,_109,_03A00,_03A00,204,475,53,27
0,_109,_03D00,_03D00,106,339,27,11
0,_109,_04A00,_04A00,121,420,39,24
0,_109,_05B01,_05B01,136,558,40,42
0,_109,_05C01,_05C01,148,331,29,9
0,_109,_05C03,_05C03,177,420,21,17
0,_109,_05E03,_05E03,302,302,48,11
0,_109,_05E04,_05E04,327,329,36,6
0,_109,_05E05,_05E05,274,289,26,6
0,_109,_05E06,_05E06,348,368,40,6
0,_109,_05E07,_05E07,362,293,29,2
0,_109,_05E08,_05E08,197,201,11,6
0,_109,_05E09,_05E09,554,355,21,1
0,_109,_06A01,_06A01,159,647,44,24
0,_109,_06D02,_06D02,190,558,72,46
0,_109,_06E01,_06E01,185,511,29,16
0,_109,_06E02,_06E02,217,411,54,12
0,_109,_06F01,_06F01,290,450,58,20
0,_109,_07A00,_07A00,241,443,31,26
0,_109,_07D02,_07D02,182,430,32,15
0,_109,_08A00,_08A00,90,268,27,13
0,_109,_08C02,_08C02,245,479,39,35
0,_109,_09A01,_09A01,138,411,34,22
0,_109,_09B01,_09B01,164,371,37,20
0,_109,_09C01,_09C01,159,534,34,27
0,_109,_09D01,_09D01,125,355,39,13
0,_109,_09E01,_09E01,236,450,38,10
0,_109,_09E02,_09E02,195,538,26,15
0,_109,_09E04,_09E04,186,475,34,5
0,_109,_09E05,_09E05,189,521,36,10
0,_109,_09F01,_09F01,298,407,29,17
0,_109,_09F02,_09F02,320,443,42,7
0,_109,_09F03,_09F03,331,322,37,16
0,_109,_09F04,_09F04,279,314,34,10
0,_109,_09F05,_09F05,312,364,65,6
0,_109,_09F09,_09F09,257,232,34,5
0,_109,_09F10,_09F10,266,265,25,11
0,_109,_09F11,_09F11,307,249,38,9
0,_109,_09G01,_09G01,324,253,29,2
0,_109,_09G02,_09G02,336,351,39,16
0,_109,_09G03,_09G03,247,334,26,4
0,_109,_09G04,_09G04,288,385,63,23
0,_109,_09G05,_09G05,310,329,48,6
0,_109,_09G06,_09G06,268,303,28,9
0,_109,_09G07,_09G07,282,262,27,4
0,_109,_09G08,_09G08,343,328,16,9
0,_109,_09G09,_09G09,343,229,38,5
0,_109,_09H01,_09H01,381,305,20,2
0,_109,_09H02,_09H02,319,331,31,5
0,_109,_09H03,_09H03,283,347,29,1
0,_109,_09H04,_09H04,345,288,31,2
0,_109,_09H05,_09H05,273,327,32,2
0,_109,_09H06,_09H06,408,280,31,1
0,_109,_09H07,_09H07,358,339,32,11
0,_109,_09H08,_09H08,424,387,38,4
0,_109,_10A00,_10A00,246,455,59,21
0,_109,_10B01,_10B01,145,368,33,12
0,_109,_10B02,_10B02,369,584,69,13
0,_109,_10B04,_10B04,248,367,22,9
0,_109,_10B05,_10B05,236,319,50,20
0,_109,_10C04,_10C04,220,279,33,9
0,_109,_10C05,_10C05,173,312,27,5
0,_109,_10C06,_10C06,134,203,38,9
0,_109,_10C07,_10C07,201,316,50,6
0,_109,_10C08,_10C08,164,164,15,6
0,_109,_10C12,_10C12,307,259,27,2
0,_109,_10D01,_10D01,178,316,36,12
0,_109,_10D02,_10D02,219,364,38,11
0,_109,_10D03,_10D03,145,230,16,9
0,_109,_10D04,_10D04,264,396,52,16
0,_109,_10D08,_10D08,355,408,67,12
0,_109,_10E01,_10E01,297,291,38,9
0,_109,_10E04,_10E04,334,429,44,15
0,_109,_10E05,_10E05,293,424,49,15
0,_109,_10E07,_10E07,333,371,40,12
0,_109,_10E08,_10E08,329,361,40,7
0,_109,_10E10,_10E10,201,232,20,9
0,_109,_10E11,_10E11,163,170,39,5
0,_109,_10E12,_10E12,326,342,47,27
0,_109,_10E14,_10E14,261,226,22,5
0,_109,_10E15,_10E15,384,257,37,9
0,_109,_10E16,_10E16,723,590,60,6
0,_109,_10F01,_10F01,190,318,17,13
0,_109,_10F02,_10F02,175,171,18,9
0,_109,_10F03,_10F03,197,239,22,7
0,_109,_10F04,_10F04,280,318,28,5
0,_109,_10F05,_10F05,306,338,31,7
0,_109,_10F06,_10F06,260,216,28,6
0,_109,_10F07,_10F07,257,268,26,4
0,_109,_10F10,_10F10,316,234,28,7
0,_109,_10F11,_10F11,307,375,37,9
0,_109,_10F12,_10F12,245,245,27,5
0,_109,_10F14,_10F14,409,364,28,5
0,_109,_10F15,_10F15,260,259,23,2
0,_109,_10F16,_10F16,489,279,23,1
0,_109,_10G01,_10G01,214,265,16,5
0,_109,_10G02,_10G02,331,222,26,4
0,_109,_10G03,_10G03,310,280,42,20
0,_109,_10G04,_10G04,289,207,28,4
0,_109,_10G05,_10G05,313,193,18,5
0,_109,_10G06,_10G06,423,329,18,5
0,_109,_10G07,_10G07,288,220,26,5
0,_109,_10H01,_10H01,389,296,33,5
0,_109,_10H02,_10H02,604,259,21,10
0,_109,_10H03,_10H03,680,465,56,10
0,_109,_10H04,_10H04,549,350,38,10
0,_109,_10H05,_10H05,690,439,43,6
0,_109,_10H06,_10H06,433,361,36,6
0,_109,_10H07,_10H07,392,257,34,0
0,_109,_11A01,_11A01,176,288,44,15
0,_109,_11A02,_11A02,229,303,43,20
0,_109,_11B01,_11B01,290,348,36,17
0,_109,_11D02,_11D02,194,276,43,22
0,_109,_11E01,_11E01,269,321,42,21
0,_109,_11E03,_11E03,288,444,58,10
0,_109,_11E05,_11E05,185,240,27,16
0,_109,_11E06,_11E06,232,387,36,12
0,_109,_11E07,_11E07,215,213,29,12
0,_109,_11E10,_11E10,220,193,21,7
0,_109,_12A04,_12A04,408,446,76,28
0,_109,_12A05,_12A05,319,351,50,15
0,_109,_12A07,_12A07,450,373,48,9
0,_109,_12A08,_12A08,345,221,29,1
0,_109,_12A09,_12A09,333,245,37,2
0,_109,_12A10,_12A10,665,605,82,6
0,_109,_12B01,_12B01,319,396,38,17
0,_109,_12B02,_12B02,269,286,22,10
0,_109,_12B04,_12B04,361,296,39,15
0,_109,_12B06,_12B06,290,334,58,11
0,_109,_12B07,_12B07,330,255,39,4
0,_109,_12B08,_12B08,477,368,49,6
0,_109,_12C02,_12C02,384,406,55,8
0,_109,_12C06,_12C06,319,314,40,13
0,_109,_12C07,_12C07,470,565,75,8
0,_109,_12D00,_12D00,280,375,58,7
0,_109,_12F00,_12F00,282,272,27,10
0,_109,_12G01,_12G01,349,460,60,20
0,_109,_12G02,_12G02,185,183,25,4
0,_109,_Buda,_Buda,372,125,21,7
0,_109,_Centerville,_Centerville,614,203,22,16
0,_109,_Denton,_Denton,815,388,38,16
0,_109,_Elk,_Elk,431,173,40,5
0,_109,_Garfield 1,_Garfield 1,5,6,0,1
0,_109,_Grant 1,_Grant 1,515,240,36,4
0,_109,_Grant 2,_Grant 2,181,70,9,0
0,_109,_Grant 3,_Grant 3,429,224,26,4
0,_109,_Grant 4,_Grant 4,0,0,0,0
0,_109,_Hickman,_Hickman,744,334,61,12
0,_109,_Middle Creek,_Middle Creek,372,150,21,6
0,_109,_Murdock South,_Murdock South,124,55,4,5
0,_109,_Nemaha,_Nemaha,539,316,55,16
0,_109,_North Bluff,_North Bluff,9,4,0,0
0,_109,_Oak,_Oak,447,152,34,4
0,_109,_Panama,_Panama,329,134,31,2
0,_109,_Rock Creek,_Rock Creek,305,142,28,0
0,_109,_Saltillo 1,_Saltillo 1,384,186,29,4
0,_109,_Saltillo 2,_Saltillo 2,567,209,23,8
0,_109,_South Pass,_South Pass,436,152,42,4
0,_109,_Stevens Creek,_Stevens Creek,254,92,15,0
0,_109,_Stockton,_Stockton,312,129,21,0
0,_109,_Waverly 2,_Waverly 2,403,174,39,4
0,_109,_Waverly North,_Waverly North,581,236,50,2
0,_109,_Waverly South,_Waverly South,616,262,47,7
0,_109,_West Salt,_West Salt,475,188,31,7
0,_109,_Yankee Hill East,_Yankee Hill East,141,108,7,6
0,_109,_Yankee Hill West,_Yankee Hill West,562,311,34,4
0,_111,_Brady Precinct,_Brady Precinct,461,70,15,5
0,_111,_Hall Precinct,_Hall Precinct,810,96,36,2
0,_111,_Hershey Precinct,_Hershey Precinct,710,100,34,5
0,_111,_Hinman Precinct,_Hinman Precinct,295,48,15,3
0,_111,_Maxwell Precinct,_Maxwell Precinct,342,59,16,3
0,_111,_Medicine Precinct,_Medicine Precinct,152,10,0,0
0,_111,_Osgood Precinct,_Osgood Precinct,962,158,42,8
0,_111,_Sellers Precinct,_Sellers Precinct,483,81,16,7
0,_111,_Sutherland Precinct,_Sutherland Precinct,693,119,41,3
0,_111,_Voting District W1/P-1,_Voting District W1/P-1,513,163,44,5
0,_111,_Voting District W-1/P-2,_Voting District W-1/P-2,391,135,34,6
0,_111,_Voting District W-1/P-3,_Voting District W-1/P-3,308,102,34,1
0,_111,_Voting District W-1/P-4,_Voting District W-1/P-4,305,56,15,1
0,_111,_Voting District W-2/P-5,_Voting District W-2/P-5,232,70,25,2
0,_111,_Voting District W-2/P-6,_Voting District W-2/P-6,898,319,34,7
0,_111,_Voting District W-2/P-7,_Voting District W-2/P-7,660,199,35,3
0,_111,_Voting District W-2/P-8,_Voting District W-2/P-8,591,186,25,1
0,_111,_Voting District W-3/P-10,_Voting District W-3/P-10,747,226,62,14
0,_111,_Voting District W-3/P-12,_Voting District W-3/P-12,411,162,45,5
0,_111,_Voting District W-3/P-9,_Voting District W-3/P-9,543,167,50,3
0,_111,_Voting District W-4/P-13,_Voting District W-4/P-13,723,210,42,9
0,_111,_Voting District W4/P-15,_Voting District W4/P-15,300,81,19,8
0,_111,_Voting District W-4/P-16,_Voting District W-4/P-16,344,71,29,6
0,_111,_Wallace Precinct,_Wallace Precinct,290,25,3,0
0,_113,_Logan Precinct,_Logan Precinct,400,32,18,1
0,_115,_Sawyer Precinct,_Sawyer Precinct,323,48,10,1
0,_117,_Tryon Precinct,_Tryon Precinct,257,14,14,1
0,_119,_BC-Battle Creek Precinct,_BC-Battle Creek Precinct,701,103,39,9
0,_119,_Fairview-Kalamazoo-Green Garden Precinct,_Fairview-Kalamazoo-Green Garden Precinct,217,8,6,0
0,_119,_Madison,_Madison,404,192,29,12
0,_119,_Meadow Grove-Jefferson-Grove-Highland Precinct,_Meadow Grove-Jefferson-Grove-Highland Precinct,430,88,30,5
0,_119,_Norfolk 1-1 Precinct,_Norfolk 1-1 Precinct,659,155,37,10
0,_119,_Norfolk 1-2 Precinct,_Norfolk 1-2 Precinct,483,165,40,7
0,_119,_Norfolk 1-3 Precinct,_Norfolk 1-3 Precinct,454,133,32,7
0,_119,_Norfolk 2-1 Precinct,_Norfolk 2-1 Precinct,970,219,46,6
0,_119,_Norfolk 2-2 Precinct,_Norfolk 2-2 Precinct,810,181,43,2
0,_119,_Norfolk 2-3 Precinct,_Norfolk 2-3 Precinct,748,174,48,7
0,_119,_Norfolk 3-1 Precinct,_Norfolk 3-1 Precinct,453,190,49,9
0,_119,_Norfolk 3-2 Precinct,_Norfolk 3-2 Precinct,409,132,49,11
0,_119,_Norfolk 3-3 Precinct,_Norfolk 3-3 Precinct,584,161,34,6
0,_119,_Norfolk 4-1 Precinct,_Norfolk 4-1 Precinct,324,150,28,9
0,_119,_Norfolk 4-2 Precinct,_Norfolk 4-2 Precinct,556,151,37,7
0,_119,_Norfolk 4-3 Precinct,_Norfolk 4-3 Precinct,405,184,40,7
0,_119,_Norfolk Precinct,_Norfolk Precinct,536,95,18,6
0,_119,_Schoolcraft-Emerick-SCrk-NG Precinct,_Schoolcraft-Emerick-SCrk-NG Precinct,386,79,24,2
0,_119,_Tilden 2nd Ward Precinct,_Tilden 2nd Ward Precinct,222,34,21,1
0,_119,_Union-Madison Precinct,_Union-Madison Precinct,202,11,2,2
0,_119,_Valley Precinct,_Valley Precinct,479,72,5,1
0,_119,_Warnerville Precinct,_Warnerville Precinct,196,34,12,0
0,_121,_Central City Ward 1,_Central City Ward 1,472,116,36,7
0,_121,_Central City Ward 2,_Central City Ward 2,471,103,27,4
0,_121,_Central Precinct,_Central Precinct,38,6,3,1
0,_121,_Chapman Precinct,_Chapman Precinct,205,31,8,1
0,_121,_Clarksville East Precinct,_Clarksville East Precinct,139,29,6,0
0,_121,_Clarksville West Precinct,_Clarksville West Precinct,106,16,9,0
0,_121,_Lone Tree North Precinct,_Lone Tree North Precinct,188,33,7,1
0,_121,_Lone Tree South Precinct,_Lone Tree South Precinct,94,15,4,1
0,_121,_Loup Precinct,_Loup Precinct,230,60,18,1
0,_121,_Mead Precinct,_Mead Precinct,76,13,3,1
0,_121,_Midland Precinct,_Midland Precinct,99,19,6,0
0,_121,_Prairie Creek Precinct,_Prairie Creek Precinct,187,21,7,0
0,_121,_Prairie Island Precinct,_Prairie Island Precinct,83,15,5,0
0,_121,_Silver Creek Precinct,_Silver Creek Precinct,233,22,18,6
0,_121,_Vieregg Precinct,_Vieregg Precinct,305,103,8,6
0,_123,_Broadwater Precinct,_Broadwater Precinct,145,12,10,3
0,_123,_East Bayard Precinct,_East Bayard Precinct,386,56,16,4
0,_123,_East Camp Clarke Precinct,_East Camp Clarke Precinct,345,66,18,3
0,_123,_Gilchrist Precinct,_Gilchrist Precinct,39,0,0,0
0,_123,_Haynes Precinct,_Haynes Precinct,72,4,1,0
0,_123,_North Campe Clarke Precinct,_North Campe Clarke Precinct,208,29,6,0
0,_123,_Redington Precinct,_Redington Precinct,48,13,5,0
0,_123,_West Bayard Precinct,_West Bayard Precinct,283,53,14,1
0,_123,_West Camp Clarke Precinct,_West Camp Clarke Precinct,276,51,14,3
0,_125,_BGCP Precinct,_BGCP Precinct,261,46,9,0
0,_125,_CLFWE Precinct,_CLFWE Precinct,199,35,1,0
0,_125,_CTS Precinct,_CTS Precinct,122,23,5,8
0,_125,_Fullerton Ward,_Fullerton Ward,377,110,17,4
0,_125,_Genoa Ward 1,_Genoa Ward 1,146,38,9,1
0,_125,_Genoa Ward 2,_Genoa Ward 2,156,29,7,1
0,_127,_1st Douglas Precinct,_1st Douglas Precinct,236,117,18,0
0,_127,_2nd Douglas Precinct,_2nd Douglas Precinct,278,128,32,2
0,_127,_3rd Douglas Precinct,_3rd Douglas Precinct,330,108,34,5
0,_127,_4th Douglas Precinct,_4th Douglas Precinct,332,113,28,6
0,_127,_Brownville Precinct,_Brownville Precinct,154,74,12,2
0,_127,_Lafayette Precinct,_Lafayette Precinct,91,35,6,1
0,_127,_Nemaha Precinct,_Nemaha Precinct,118,26,2,4
0,_127,_Peru Precinct,_Peru Precinct,206,82,15,1
0,_127,_Washington Precinct,_Washington Precinct,371,102,33,6
0,_129,_Beaver 1 Precinct,_Beaver 1 Precinct,284,74,22,6
0,_129,_Beaver 2 Precinct,_Beaver 2 Precinct,249,61,8,3
0,_129,_Beaver 3 Precinct,_Beaver 3 Precinct,237,52,13,4
0,_129,_Elk Precinct,_Elk Precinct,138,26,7,0
0,_129,_Hardy Precinct,_Hardy Precinct,131,18,3,1
0,_129,_Nelson Precinct,_Nelson Precinct,391,63,12,3
0,_129,_Spring Creek Precinct,_Spring Creek Precinct,84,14,9,2
0,_129,_Victor Precinct,_Victor Precinct,212,45,14,1
0,_131,_Berlin Precinct,_Berlin Precinct,271,105,12,6
0,_131,_Delaware Precinct,_Delaware Precinct,333,75,33,1
0,_131,_McWilliams Precinct,_McWilliams Precinct,291,70,12,5
0,_131,_NC11,_NC11,319,109,20,5
0,_131,_NC12,_NC12,250,126,18,0
0,_131,_NC13,_NC13,459,148,27,6
0,_131,_NC14,_NC14,239,125,17,2
0,_131,_NC15,_NC15,381,121,35,1
0,_131,_NC16,_NC16,431,195,23,6
0,_131,_Palmyra Precinct,_Palmyra Precinct,568,313,50,5
0,_131,_Russell Precinct,_Russell Precinct,247,141,32,8
0,_131,_So. Branch Precinct,_So. Branch Precinct,261,107,21,5
0,_131,_Syracuse Precinct,_Syracuse Precinct,810,390,75,8
0,_133,_Burchard Precinct,_Burchard Precinct,160,24,6,0
0,_133,_Pawnee Precinct 1,_Pawnee Precinct 1,241,93,19,5
0,_133,_Pawnee Precinct 2,_Pawnee Precinct 2,218,81,14,2
0,_133,_Steinauer Precinct,_Steinauer Precinct,186,52,8,1
0,_133,_Table Rock Precinct,_Table Rock Precinct,169,29,8,2
0,_135,_Precinct 1,_Precinct 1,392,47,15,3
0,_135,_Precinct 2,_Precinct 2,419,61,18,0
0,_135,_Precinct 3,_Precinct 3,406,53,21,2
0,_137,_Anderson-Cottonwood Precinct,_Anderson-Cottonwood Precinct,137,14,18,0
0,_137,_Bertrand Precinct,_Bertrand Precinct,331,72,10,0
0,_137,_Divide and Lake Precinct,_Divide and Lake Precinct,262,20,4,1
0,_137,_Garfield-Union Precinct,_Garfield-Union Precinct,122,27,3,3
0,_137,_Holdrege Ward 1 Precinct,_Holdrege Ward 1 Precinct,445,77,31,2
0,_137,_Holdrege Ward 2 Precinct,_Holdrege Ward 2 Precinct,452,97,33,1
0,_137,_Holdrege Ward 3 Precinct,_Holdrege Ward 3 Precinct,505,102,26,4
0,_137,_Holdrege Ward 4 Precinct,_Holdrege Ward 4 Precinct,597,86,29,6
0,_137,_Laird Precinct,_Laird Precinct,283,22,6,0
0,_137,_Prarie and Sheridan Precinct,_Prarie and Sheridan Precinct,258,9,3,1
0,_137,_Rockfalls-Industry Precinct,_Rockfalls-Industry Precinct,129,14,8,0
0,_137,_Westmark-Center Precinct,_Westmark-Center Precinct,190,13,3,0
0,_137,_Westside - Willaimsburg Precinct,_Westside - Willaimsburg Precinct,138,19,16,0
0,_139,_Hadar Area/South Branch Precinct,_Hadar Area/South Branch Precinct,362,32,16,2
0,_139,_Osmond Area Precinct,_Osmond Area Precinct,741,69,27,5
0,_139,_Pierce City Precinct,_Pierce City Precinct,669,122,38,5
0,_139,_Pierce Rural Area Precinct,_Pierce Rural Area Precinct,682,55,15,4
0,_139,_Plainview Area Voting District,_Plainview Area Voting District,598,104,29,5
0,_141,_Bismark Precinct,_Bismark Precinct,224,29,8,0
0,_141,_Butler/Loup Precinct,_Butler/Loup Precinct,293,49,7,0
0,_141,_Columbus Twp A Precinct,_Columbus Twp A Precinct,400,79,15,3
0,_141,_Columbus Twp B Precinct,_Columbus Twp B Precinct,658,138,21,5
0,_141,_Columbus Ward 1A,_Columbus Ward 1A,522,174,32,9
0,_141,_Columbus Ward 1B,_Columbus Ward 1B,328,96,12,1
0,_141,_Columbus Ward 1C,_Columbus Ward 1C,365,104,25,6
0,_141,_Columbus Ward 1D,_Columbus Ward 1D,398,116,19,6
0,_141,_Columbus Ward 2A,_Columbus Ward 2A,213,73,22,6
0,_141,_Columbus Ward 2B,_Columbus Ward 2B,492,111,22,4
0,_141,_Columbus Ward 2C,_Columbus Ward 2C,360,127,22,3
0,_141,_Columbus Ward 2D,_Columbus Ward 2D,310,138,30,1
0,_141,_Columbus Ward 3A,_Columbus Ward 3A,647,153,24,4
0,_141,_Columbus Ward 3B,_Columbus Ward 3B,313,131,21,6
0,_141,_Columbus Ward 3C,_Columbus Ward 3C,624,124,27,3
0,_141,_Columbus Ward 3D,_Columbus Ward 3D,593,153,21,1
0,_141,_Columbus Ward 4A,_Columbus Ward 4A,313,131,40,6
0,_141,_Columbus Ward 4B,_Columbus Ward 4B,400,136,16,3
0,_141,_Columbus Ward 4C,_Columbus Ward 4C,538,166,26,1
0,_141,_Columbus Ward 4D,_Columbus Ward 4D,309,106,16,6
0,_141,_Creston Precinct,_Creston Precinct,196,10,3,0
0,_141,_Granville Precinct,_Granville Precinct,488,63,10,0
0,_141,_Humphrey Precinct,_Humphrey Precinct,193,26,0,2
0,_141,_Joliet Precinct,_Joliet Precinct,64,3,1,0
0,_141,_Lost Creek/Burrows Precinct,_Lost Creek/Burrows Precinct,302,41,14,4
0,_141,_Oconee/Monroe Precinct,_Oconee/Monroe Precinct,273,53,10,1
0,_141,_Shell Creek Precinct,_Shell Creek Precinct,374,61,9,2
0,_141,_Sherman/Grand Prairie Precinct,_Sherman/Grand Prairie Precinct,307,23,7,2
0,_141,_St. Bernard Precinct,_St. Bernard Precinct,284,11,9,1
0,_141,_Walker/Woodville Precinct,_Walker/Woodville Precinct,184,21,6,0
0,_143,_East Stromberg Precinct,_East Stromberg Precinct,350,59,13,0
0,_143,_North Osceola Precinct,_North Osceola Precinct,198,34,9,0
0,_143,_South Canada Precinct,_South Canada Precinct,418,81,23,5
0,_143,_South Osceola Precinct,_South Osceola Precinct,436,113,23,0
0,_143,_West Pleasant Home Precinct,_West Pleasant Home Precinct,267,62,18,1
0,_143,_West Stromberg Precinct,_West Stromberg Precinct,359,64,16,0
0,_145,_Bartley Precinct,_Bartley Precinct,221,16,11,2
0,_145,_Beaver Precinct,_Beaver Precinct,155,14,3,0
0,_145,_Indianola Precinct,_Indianola Precinct,519,38,10,5
0,_145,_Northwest Precinct,_Northwest Precinct,368,40,13,1
0,_145,_Southwest Precinct,_Southwest Precinct,212,29,10,0
0,_145,_W-1 P-1 Precinct,_W-1 P-1 Precinct,286,58,11,1
0,_145,_W-1 P-2 Precinct,_W-1 P-2 Precinct,373,53,17,7
0,_145,_W-1 P-3 Precinct,_W-1 P-3 Precinct,299,73,12,0
0,_145,_W-2 P-1 Precinct,_W-2 P-1 Precinct,408,56,19,4
0,_145,_W-2 P-2 Precinct,_W-2 P-2 Precinct,380,67,31,1
0,_145,_W-3 P-1 Precinct,_W-3 P-1 Precinct,314,68,18,2
0,_145,_W-3 P-3 Precinct,_W-3 P-3 Precinct,308,64,19,0
0,_145,_W-4 P-1 Precinct,_W-4 P-1 Precinct,415,69,17,3
0,_147,_Arago/Barada Precinct,_Arago/Barada Precinct,164,40,8,1
0,_147,_East Muddy Precinct,_East Muddy Precinct,80,22,7,2
0,_147,_Falls City Rural/Ohio Precinct,_Falls City Rural/Ohio Precinct,241,26,9,1
0,_147,_Falls City Ward 1,_Falls City Ward 1,402,136,21,3
0,_147,_Falls City Ward 2,_Falls City Ward 2,299,92,21,3
0,_147,_Falls City Ward 3,_Falls City Ward 3,293,108,16,4
0,_147,_Falls City Ward 4,_Falls City Ward 4,190,105,12,3
0,_147,_Franklin/Humboldt Rural/Speiser Precinct,_Franklin/Humboldt Rural/Speiser Precinct,165,34,7,2
0,_147,_Grant/Nemaha Precinct,_Grant/Nemaha Precinct,147,34,11,3
0,_147,_Humboldt Ward 1,_Humboldt Ward 1,146,46,8,2
0,_147,_Humboldt Ward 2,_Humboldt Ward 2,141,45,6,2
0,_147,_Jefferson/Rulo Precinct,_Jefferson/Rulo Precinct,164,56,8,0
0,_147,_Liberty Precinct,_Liberty Precinct,128,20,10,0
0,_147,_Salem Precinct,_Salem Precinct,75,11,7,0
0,_147,_West Muddy/Porter Precinct,_West Muddy/Porter Precinct,134,43,8,1
0,_149,_Rock Precinct,_Rock Precinct,687,70,33,4
0,_151,_C and B Precinct,_C and B Precinct,256,115,16,0
0,_151,_Crete 1 Precinct,_Crete 1 Precinct,304,311,39,8
0,_151,_Crete 2 Precinct,_Crete 2 Precinct,201,232,35,9
0,_151,_Crete 3 Precinct,_Crete 3 Precinct,250,285,39,5
0,_151,_Dewitt Precinct,_Dewitt Precinct,247,105,24,7
0,_151,_Dorchester Precinct,_Dorchester Precinct,338,155,21,7
0,_151,_Friend Ward 1,_Friend Ward 1,261,75,18,4
0,_151,_Friend Ward 2,_Friend Ward 2,252,80,19,0
0,_151,_Olive Precinct,_Olive Precinct,108,59,10,1
0,_151,_South Fork Precinct,_South Fork Precinct,166,54,13,4
0,_151,_Wilbur 1 Precinct,_Wilbur 1 Precinct,329,158,28,2
0,_151,_Wilbur 2 Precinct,_Wilbur 2 Precinct,292,104,22,5
0,_153,_1,_1,443,478,41,23
0,_153,_10,_10,455,310,82,21
0,_153,_11,_11,1000,601,126,15
0,_153,_12,_12,947,462,97,14
0,_153,_13,_13,921,597,87,22
0,_153,_16,_16,765,609,79,25
0,_153,_17,_17,768,546,59,27
0,_153,_18,_18,544,505,78,10
0,_153,_19,_19,1235,748,127,24
0,_153,_2,_2,551,337,65,15
0,_153,_20,_20,794,664,74,15
0,_153,_21,_21,1211,683,118,15
0,_153,_22,_22,716,536,113,17
0,_153,_23,_23,1242,656,112,13
0,_153,_24,_24,602,316,78,10
0,_153,_25,_25,560,386,88,16
0,_153,_26,_26,769,440,106,11
0,_153,_3,_3,776,578,84,23
0,_153,_31,_31,1398,906,147,20
0,_153,_32,_32,631,453,74,14
0,_153,_33,_33,682,616,78,17
0,_153,_34,_34,806,650,107,25
0,_153,_35,_35,774,525,84,18
0,_153,_36,_36,912,463,55,9
0,_153,_37,_37,1350,805,113,17
0,_153,_38,_38,795,542,89,19
0,_153,_39,_39,942,518,100,18
0,_153,_4,_4,720,470,93,13
0,_153,_40,_40,856,474,94,16
0,_153,_41,_41,1077,649,110,17
0,_153,_42,_42,887,545,103,14
0,_153,_46,_46,803,292,53,6
0,_153,_47,_47,490,217,57,12
0,_153,_48,_48,1139,530,91,15
0,_153,_49,_49,972,630,123,22
0,_153,_5,_5,586,408,64,12
0,_153,_51,_51,1414,785,113,11
0,_153,_52,_52,1331,797,115,18
0,_153,_53,_53,1001,770,118,16
0,_153,_54,_54,971,699,105,13
0,_153,_55,_55,1250,765,121,13
0,_153,_56,_56,818,530,69,19
0,_153,_57,_57,715,487,86,14
0,_153,_58,_58,769,280,42,8
0,_153,_59,_59,820,335,78,13
0,_153,_6,_6,658,529,93,25
0,_153,_60,_60,675,356,72,13
0,_153,_61,_61,1818,747,121,19
0,_153,_62,_62,783,520,94,16
0,_153,_7,_7,657,441,66,13
0,_153,_8,_8,684,411,56,7
0,_153,_9,_9,660,436,84,18
0,_155,_Ashland Rural Precinct,_Ashland Rural Precinct,492,184,34,7
0,_155,_Ashland W1 Voting District,_Ashland W1 Voting District,319,177,40,4
0,_155,_Ashland W2 Voting District,_Ashland W2 Voting District,354,159,36,7
0,_155,_Cedar Bluffs Precinct,_Cedar Bluffs Precinct,509,163,34,12
0,_155,_Center Precinct,_Center Precinct,238,63,24,2
0,_155,_Ceresco Precinct,_Ceresco Precinct,588,226,48,9
0,_155,_District 4 Precinct,_District 4 Precinct,759,251,22,1
0,_155,_Malmo Precinct,_Malmo Precinct,232,60,16,0
0,_155,_Marietta Precinct,_Marietta Precinct,306,93,21,3
0,_155,_Prague Precinct,_Prague Precinct,360,84,20,5
0,_155,_Valparaiso Precinct,_Valparaiso Precinct,512,180,18,8
0,_155,_Wahoo Rural Precinct,_Wahoo Rural Precinct,352,61,27,5
0,_155,_Wahoo W1 Voting District,_Wahoo W1 Voting District,498,225,38,11
0,_155,_Wahoo W2 Voting District,_Wahoo W2 Voting District,428,133,28,2
0,_155,_Wahoo W3 Voting District,_Wahoo W3 Voting District,424,169,27,5
0,_155,_Weston Precinct,_Weston Precinct,325,76,23,3
0,_155,_Yutan Precinct,_Yutan Precinct,859,219,59,13
0,_157,_Castle Rock A Precinct,_Castle Rock A Precinct,163,22,12,1
0,_157,_Castle Rock B Precinct,_Castle Rock B Precinct,121,17,6,0
0,_157,_Dewey-Tabor Precinct,_Dewey-Tabor Precinct,387,74,10,0
0,_157,_East Winter Creek Precinct,_East Winter Creek Precinct,238,61,17,0
0,_157,_Fanning Precinct,_Fanning Precinct,504,61,19,3
0,_157,_Ford A & B Precinct,_Ford A & B Precinct,222,35,8,0
0,_157,_Funston Precinct,_Funston Precinct,228,41,8,3
0,_157,_Gering 1 Precinct,_Gering 1 Precinct,714,188,47,10
0,_157,_Gering 2 Precinct,_Gering 2 Precinct,644,194,49,7
0,_157,_Gering 3 Precinct,_Gering 3 Precinct,382,136,37,5
0,_157,_Gering 4 Precinct,_Gering 4 Precinct,635,173,44,4
0,_157,_Gering Precinct,_Gering Precinct,266,44,14,2
0,_157,_Highland Precinct,_Highland Precinct,144,38,4,1
0,_157,_Kiowa-Lyman Precinct,_Kiowa-Lyman Precinct,270,51,12,4
0,_157,_Minitare 1 & 2 Precinct,_Minitare 1 & 2 Precinct,197,79,12,1
0,_157,_Mitchell 1 Precinct,_Mitchell 1 Precinct,233,94,6,1
0,_157,_Mitchell 2 Precinct,_Mitchell 2 Precinct,264,50,9,2
0,_157,_Mitchell Precinct,_Mitchell Precinct,194,37,12,2
0,_157,_Roubadeau Precinct,_Roubadeau Precinct,64,9,1,0
0,_157,_Scottsbluff 1 Precinct,_Scottsbluff 1 Precinct,694,181,41,10
0,_157,_Scottsbluff 2 Precinct,_Scottsbluff 2 Precinct,504,286,38,13
0,_157,_Scottsbluff 3 Precinct,_Scottsbluff 3 Precinct,200,203,27,5
0,_157,_Scottsbluff 4 Precinct,_Scottsbluff 4 Precinct,97,140,22,13
0,_157,_Scottsbluff 5 Precinct,_Scottsbluff 5 Precinct,432,160,37,4
0,_157,_Scottsbluff 6 Precinct,_Scottsbluff 6 Precinct,332,168,47,7
0,_157,_Scottsbluff 7 Precinct,_Scottsbluff 7 Precinct,423,185,41,6
0,_157,_Scottsbluff 8 Precinct,_Scottsbluff 8 Precinct,447,202,39,5
0,_157,_Terrytown Precinct,_Terrytown Precinct,256,84,17,6
0,_157,_Village of Morrill Precinct,_Village of Morrill Precinct,332,81,26,5
0,_157,_West Winter Creek Precinct,_West Winter Creek Precinct,489,113,21,6
0,_159,_B Precinct,_B Precinct,156,31,12,4
0,_159,_C Precinct,_C Precinct,223,72,16,2
0,_159,_City of Seward Ward 1,_City of Seward Ward 1,607,251,38,2
0,_159,_City of Seward Ward 2,_City of Seward Ward 2,602,311,25,11
0,_159,_City of Seward Ward 3,_City of Seward Ward 3,461,223,37,16
0,_159,_City of Seward Ward 4,_City of Seward Ward 4,286,124,29,9
0,_159,_E Precinct,_E Precinct,381,84,29,8
0,_159,_G Precinct,_G Precinct,185,66,7,0
0,_159,_H Precinct,_H Precinct,420,159,31,1
0,_159,_I Precinct,_I Precinct,466,122,25,15
0,_159,_J Precinct,_J Precinct,168,49,8,1
0,_159,_K Precinct,_K Precinct,246,82,14,1
0,_159,_M-BX Precinct,_M-BX Precinct,243,51,15,5
0,_159,_M-CO Precinct,_M-CO Precinct,196,50,6,1
0,_159,_O-1 Precinct,_O-1 Precinct,349,83,21,4
0,_159,_O-2 Precinct,_O-2 Precinct,465,117,24,4
0,_161,_East Gordon Precinct,_East Gordon Precinct,340,64,4,1
0,_161,_Hay Springs Precinct,_Hay Springs Precinct,422,54,14,4
0,_161,_Mirage Precinct,_Mirage Precinct,167,18,1,1
0,_161,_North Rushville Precinct,_North Rushville Precinct,334,46,11,1
0,_161,_South Rushville Precinct,_South Rushville Precinct,243,45,8,1
0,_161,_South Sheridan Precinct,_South Sheridan Precinct,183,7,9,0
0,_161,_West Gordon Precinct,_West Gordon Precinct,361,47,19,10
0,_161,_Wounded Knee Precinct,_Wounded Knee Precinct,161,6,4,0
0,_163,_Ashton Precinct,_Ashton Precinct,177,35,12,3
0,_163,_Central Loup City Precinct,_Central Loup City Precinct,128,48,6,2
0,_163,_Harrison Precinct,_Harrison Precinct,275,44,17,2
0,_163,_North Loup City Precinct,_North Loup City Precinct,200,106,9,4
0,_163,_Rockville Precinct,_Rockville Precinct,171,46,8,1
0,_163,_South Loup City Precinct,_South Loup City Precinct,199,61,7,1
0,_165,_Bowen Precinct,_Bowen Precinct,369,57,21,1
0,_165,_Sheep Creek Precinct,_Sheep Creek Precinct,247,24,7,3
0,_167,_Butterfly Precinct,_Butterfly Precinct,60,16,2,0
0,_167,_Dewey Precinct,_Dewey Precinct,93,17,8,0
0,_167,_Dimick Precinct,_Dimick Precinct,51,7,1,0
0,_167,_Elkhorn Precinct,_Elkhorn Precinct,129,24,11,0
0,_167,_Haymow Precinct,_Haymow Precinct,74,10,2,0
0,_167,_Kingsburg Precinct,_Kingsburg Precinct,43,8,8,0
0,_167,_Maple Creek Precinct,_Maple Creek Precinct,65,17,5,0
0,_167,_Pilger Precinct,_Pilger Precinct,216,37,22,3
0,_167,_Ramshorn Precinct,_Ramshorn Precinct,101,8,2,0
0,_167,_Spring Branch Precinct,_Spring Branch Precinct,564,117,36,7
0,_167,_Spring Branch Precinct 2,_Spring Branch Precinct 2,131,38,15,2
0,_167,_Stanton A Precinct,_Stanton A Precinct,266,50,10,1
0,_167,_Stanton B Precinct,_Stanton B Precinct,294,57,16,1
0,_167,_Stanton C Precinct,_Stanton C Precinct,41,2,1,0
0,_167,_Union Creek Precinct,_Union Creek Precinct,59,9,5,0
0,_169,_Alexandria Precinct,_Alexandria Precinct,152,53,10,0
0,_169,_Bruning Precinct,_Bruning Precinct,215,55,26,1
0,_169,_Chester Precinct,_Chester Precinct,348,39,5,1
0,_169,_Davenport Precinct,_Davenport Precinct,288,64,12,0
0,_169,_Deshler Precinct,_Deshler Precinct,353,85,25,1
0,_169,_Hebron North Precinct,_Hebron North Precinct,369,99,31,2
0,_169,_Hebron South Precinct,_Hebron South Precinct,326,104,15,5
0,_171,_Thomas Precinct,_Thomas Precinct,344,30,10,3
0,_173,_Anderson-Blackbird Precinct,_Anderson-Blackbird Precinct,19,218,1,6
0,_173,_Bryan Precinct,_Bryan Precinct,40,2,1,0
0,_173,_Dawes Precinct,_Dawes Precinct,88,21,0,6
0,_173,_Flournoy/Merry Precinct,_Flournoy/Merry Precinct,104,19,8,1
0,_173,_Omaha Precinct,_Omaha Precinct,117,171,7,9
0,_173,_Pender Precinct,_Pender Precinct,492,128,20,1
0,_173,_Perry Precinct,_Perry Precinct,77,26,9,2
0,_173,_Thayer Precinct,_Thayer Precinct,51,9,0,0
0,_173,_Winnebago Precinct,_Winnebago Precinct,55,325,10,24
0,_175,_Precinct 1,_Precinct 1,292,42,6,0
0,_175,_Precinct 2 - Ord,_Precinct 2 - Ord,225,73,5,1
0,_175,_Precinct 3 - Ord,_Precinct 3 - Ord,262,55,9,1
0,_175,_Precinct 4,_Precinct 4,253,42,10,2
0,_175,_Precinct 5,_Precinct 5,260,46,6,1
0,_175,_Precinct 6 - Ord,_Precinct 6 - Ord,229,36,13,5
0,_175,_Precinct 7,_Precinct 7,259,45,4,2
0,_177,_Arbor Precinct,_Arbor Precinct,418,164,30,1
0,_177,_Arlington Precinct,_Arlington Precinct,699,214,51,7
0,_177,_Central Precinct,_Central Precinct,458,196,50,11
0,_177,_Cuming City Precinct,_Cuming City Precinct,319,75,14,4
0,_177,_Dana Precinct,_Dana Precinct,523,222,30,8
0,_177,_Desoto Precinct,_Desoto Precinct,388,123,33,4
0,_177,_Fontanelle Precinct,_Fontanelle Precinct,499,89,23,6
0,_177,_Fort Calhoun East Precinct,_Fort Calhoun East Precinct,504,254,38,14
0,_177,_Fort Calhoun West Precinct,_Fort Calhoun West Precinct,659,244,36,5
0,_177,_Herman Precinct,_Herman Precinct,291,92,23,3
0,_177,_Kennard Precinct,_Kennard Precinct,578,118,24,7
0,_177,_Lakeland Precinct,_Lakeland Precinct,829,330,37,11
0,_177,_Northview Precinct,_Northview Precinct,491,208,65,8
0,_177,_Skyline Precinct,_Skyline Precinct,430,210,46,5
0,_177,_Washington Precinct,_Washington Precinct,338,84,13,3
0,_179,_Brenna/Plum Creek/Hunter Precinct,_Brenna/Plum Creek/Hunter Precinct,257,57,11,2
0,_179,_Chapin/Hancock/Winside Precinct,_Chapin/Hancock/Winside Precinct,369,59,16,1
0,_179,_Deer Creek/Sherman Precinct,_Deer Creek/Sherman Precinct,184,34,20,3
0,_179,_Hoskins/Garfield Precinct,_Hoskins/Garfield Precinct,363,37,6,1
0,_179,_Logan/Leslie Precinct,_Logan/Leslie Precinct,209,61,9,1
0,_179,_Strahan/Wilber Precinct,_Strahan/Wilber Precinct,219,34,16,0
0,_179,_Wayne Ward 1,_Wayne Ward 1,263,108,20,6
0,_179,_Wayne Ward 2,_Wayne Ward 2,235,103,20,9
0,_179,_Wayne Ward 3,_Wayne Ward 3,240,137,40,6
0,_179,_Wayne Ward 4,_Wayne Ward 4,354,205,44,6
0,_181,_Bladen Precinct,_Bladen Precinct,178,56,4,0
0,_181,_Blue Hill Precinct,_Blue Hill Precinct,385,98,16,5
0,_181,_Guide Rock Precinct,_Guide Rock Precinct,199,19,6,1
0,_181,_Red Cloud 1st Precinct,_Red Cloud 1st Precinct,250,54,13,2
0,_181,_Red Cloud 2nd Precinct,_Red Cloud 2nd Precinct,318,79,12,2
0,_183,_Bartlett Precinct,_Bartlett Precinct,271,36,13,4
0,_183,_Ericson Precinct,_Ericson Precinct,106,26,4,0
0,_185,_Arborville-Morton-Bradshaw-Lockridge Precinct,_Arborville-Morton-Bradshaw-Lockridge Precinct,457,88,18,1
0,_185,_Brown-Henderson Precinct,_Brown-Henderson Precinct,691,146,28,4
0,_185,_Hays-McFadden Precinct,_Hays-McFadden Precinct,359,63,27,0
0,_185,_Leroy-Baker Precinct,_Leroy-Baker Precinct,209,49,11,5
0,_185,_New York-Waco-Beaver-West Blue Precinct,_New York-Waco-Beaver-West Blue Precinct,438,90,21,6
0,_185,_Thayer-Stewart Precinct,_Thayer-Stewart Precinct,251,57,19,3
0,_185,_York Ward 1A,_York Ward 1A,353,82,33,0
0,_185,_York Ward 2,_York Ward 2,352,108,32,8
0,_185,_York Ward 2B,_York Ward 2B,345,115,51,0
0,_185,_York Ward 3,_York Ward 3,281,90,26,6
0,_185,_York Ward 4A,_York Ward 4A,521,152,42,13
0,_185,_York Ward 4B,_York Ward 4B,443,146,37,6
